boundary-coarse	segment-coarse	boundary-fine	segment-fine	sentence
0	1	0	1	Berlin is Germany's capital and biggest city.
0	1	0	1	Within the city limits, Berlin in 2022 had a population of 3.7 million.
0	1	0	1	Berlin is coming into its own again as a cosmopolitan capital of one of Europe's wealthiest nations.
0	1	0	1	Arm aber sexy (poor but sexy) as a former mayor would have it, Berlin attracts young people, students and a creative bohème like few other cities in the world.
0	1	0	1	"With architectural heritage from Prussian monarchism, Nazism, East German communism and Potsdamer Platz, filled with 1990s and 2000s-style glass palaces after having been a ""blank canvas"" due to the wall, Berlin's architecture is as varied as its neighbourhoods and its people."
1	1	1	1	And due to its long history as a cosmopolitan capital, it has attracted immigrants from all over the world for more than 300 years now, who continue to leave their own marks on the city.
0	2	0	2	Berlin is home to world-renowned universities, orchestras, museums, and entertainment venues, and is host to many sporting events.
0	2	0	2	Its Zoological Garden is the most visited zoo in Europe and one of the most popular worldwide.
1	2	0	2	The city is well known for its festivals, nightlife, contemporary arts and a very high quality of living.
0	3	0	2	Berlin can be seen as a cluster of centres.
0	3	0	2	Berlin has many boroughs (Bezirke), and each borough is composed of several localities (Kiez or Viertel) — each of these boroughs and localities has a unique style.
0	3	0	2	Some boroughs of Berlin are more worthy of a visitor's attention than others.
0	3	0	2	Berlin used to be divided into 23 boroughs, and these boroughs are used in Wikivoyage as they remain foremost in popular conceptions of the city and are useful for visitors to know.
0	3	0	2	In 2001, the number of boroughs was reduced from 23 to 12 for administrative purposes—mostly by merging old boroughs—sometimes across what was the inner-Berlin border.
0	3	1	2	The boroughs can roughly be grouped into eight districts:
1	3	0	3	The city of Berlin is co-extensive with the Land of Berlin, one of the 16 federal states that make up the Federal Republic of Germany.
0	4	0	3	It has a population of 3.8 million (2019) (and a million more in suburbs like Potsdam across the state line in Brandenburg).
0	4	1	3	Berlin is and has been far less dominant as the capital of Germany than London, Paris or Madrid are in their respective countries, because of the federal nature of Germany and because the havoc war and partition wreaked on the city.
1	4	0	4	Merely a backwater town in the early 18th century, Berlin grew to be one of the most important and biggest cities in the world by the 1920s.
0	5	1	4	The heart of old Prussia and a focal point of the Cold War, it lost much of its importance and historic architecture as a result of World War II and German partition.
0	5	0	5	Berlin is a world city of culture, politics, media and science.
0	5	0	5	Its economy is based on high-tech firms and the service sector, a diverse range of creative industries, research facilities, and media corporations.
0	5	0	5	Significant sectors also include IT, biotechnology, construction and electronics.
0	5	0	5	With the world's oldest large-scale movie studio complex in nearby Babelsberg, Berlin is an increasingly popular location for international film productions.
0	5	0	5	The area was most likely first settled by Slavs before German-speaking immigrants arrived in the 11th and 12th centuries.
0	5	0	5	The earliest evidence of settlements in the area of what is now Berlin are a wooden rod dating from approximately 1192 and remains of wooden houses dated to 1174 which were found in a 2012 excavation in Berlin Mitte.
0	5	0	5	The first written records of towns in the area of present-day Berlin date from the late 12th century.
0	5	1	5	Spandau is first mentioned in 1197 and Köpenick in 1209, although these areas did not become part of Berlin until 1920 (see below).
0	5	0	6	The nucleus of Berlin was two towns: Berlin (now known as the Nikolaiviertel close to Alexanderplatz), which began as a Slavic town, and Cölln, which was Germanic in origin, which included what has today become the Museum Island.
0	5	0	6	"While the etymology of ""Berlin"" is not fully clear (the bear in the coat of arms is due to an understandable wrong assumption medieval German speakers made) it is likely linked to a Slavic word for swamp."
0	5	0	6	So yes, Germany's capital was literally built in a swamp.
0	5	1	6	The year 1237 (first mention of Cölln in official records) is what was used as the basis for the 750-year celebrations in 1987, and it'll likely be used as the reference point for future anniversaries.
0	5	0	7	The area became known as Berlin-Cölln and was a residence for the electors of Brandenburg, but it remained a relatively small trading post.
0	5	0	7	Roughly half of Berlin's inhabitants perished as a result of the Thirty Years' War (1618-1648).
0	5	0	7	The war led to a signature Hohenzollern policy of allowing and even encouraging religious refugees to immigrate to the area.
0	5	1	7	"The policy was promulgated by ""great elector"" Frederic William (Friedrich Wilhelm, reigned 1640-1688), who also consolidated the trend of ruling Prussians to be called Friedrich, Wilhelm or both, which lasted all the way to the last German Kaiser Wilhelm II."
0	5	0	8	Berlin became the capital of Prussia in 1701, but Potsdam remained a symbol for Hohenzollern rule into Weimar times.
0	5	0	8	In 1710 several independent towns were merged into Berlin, helping to give it the polycentric layout it still has.
1	5	0	8	"The Prussian leaders of the 18th century were known for their ""enlightened despotism"" and an amount of religious toleration far beyond that found in other parts of Europe at the time."
0	6	1	8	Those policies benefited all of Brandenburg/Prussia but they had their strongest impact on Berlin.
0	6	0	9	The German Empire (Deutsches Reich) was formed in 1871 under Prussian dominance and Berlin became the capital of this newly-united Germany.
0	6	0	9	It grew quickly as the political capital and as a centre of industry.
1	6	0	9	Between 1877 and 1900, its population grew from 1 million inhabitants to 1.9 million.
0	7	1	9	In 1884-1885, the Berlin was the location of the Berlin Conference, in which the great powers, namely Austria-Hungary, Belgium, Denmark, France, Germany, Italy, the Netherlands, the Ottoman Empire, Portugal, Russia, Spain, Sweden, the United Kingdom and the United States, met to divide Africa among themselves.
0	7	0	10	In 1918, it was in Berlin that many of the most decisive events of the German November Revolution to overthrow the Kaiser took place.
0	7	0	10	Philipp Scheidemann, a Social Democrat, declared a republic from a window of the Reichstag on 9 November 1918.
1	7	0	10	"Just hours later, communist Karl Liebknecht declared a ""free socialist republic"" leading to a schism between the Social Democrats and Communists, who were already at odds in 1914 over the question of whether to support World War I."
0	8	1	10	Berlin became one of the centres of fighting and chaos.
0	8	0	11	The split continued throughout the Weimar Republic period.
0	8	0	11	"In 1920, the last of the annexations of towns surrounding Berlin created the administrative borders it has today, then known as ""Groß-Berlin"", or Greater Berlin."
0	8	0	11	The Weimar era was probably the high point in both the importance of Berlin and its reputation in the world.
0	8	0	11	The city's population grew to 4 million people.
0	8	0	11	It was one of the most populous and influential cities in the world, only exceeded in population by New York City and London.
1	8	0	11	In area, Groß-Berlin was the second biggest city in the world behind only Los Angeles.
0	9	1	11	Almost all politicians, intellectuals, artists, scientists and other public figures known during the Weimar Republic lived and worked in Berlin.
0	9	0	12	It was here that the theatres, cabarets and cinemas brought German culture to a frenetic flourishing that was suddenly and violently ended with the Nazi takeover.
0	9	0	12	Potsdamer Platz (site of one of the first traffic lights in the world) was considered one of the places in Europe with the densest traffic.
0	9	1	12	The rapidly developing S-Bahn (electrified in that era) and U-Bahn mass transit systems were seen as models for the world with few equals.
0	9	0	13	Tempelhof Airport (then without its iconic terminal building which was built by the Nazis) was seen as one of the best airports in Europe, and its connection to the U-Bahn showed the way for all major airports to come.
0	9	0	13	Berlin was also a bustling multicultural place with people from all over the world contributing to its cultural and economic output.
0	9	0	13	Rampant inequality, however, meant that not everybody participated in the boom.
0	9	0	13	The economic crisis of 1929 and the subsequent austerity measures hit the poorest disproportionately hard.
0	9	1	13	Housing was scarce in the city, and apartment blocks intended to remedy this were built.
0	9	0	14	"Six groups of these buildings have been declared UNESCO World Heritage Sites under the name ""Berlin Modernism Housing Estates""."
0	9	0	14	The takeover of Germany by the Nazis in 1933 meant a break for the culture of Berlin.
0	9	0	14	Many of the intellectuals and artists who had been drawn to the liberal and progressive metropolis had to flee, were imprisoned by the Nazis or otherwise silenced.
0	9	0	14	The vibrant gay scene which had existed more or less openly despite laws banning male homosexuality was brutally suppressed by the Nazis.
0	9	0	14	Until 1933 Berlin felt a world apart from the rising Nazi threat emerging from more rural areas.
1	9	0	14	It seemed almost as a foreign invasion when the Nazis took power and asserted their brutal regime in Berlin and the rest of Germany.
0	10	1	14	"The Nazis wanted to redesign Berlin into ""World Capital Germania"", but the war put an end to those plans."
0	10	0	15	The Nazi buildings that remain were built before the war and are not always associated with them, such as the Olympic Stadium (built for the 1936 games), and the terminal building for Tempelhof Airport.
0	10	0	15	Berlin was hit hard and repeatedly by a series of aerial bombardments during World War II that levelled a lot of the city.
1	10	0	15	In the last months of the war, Berlin was at the heart of one of the bloodiest battles of the war as several Soviet generals raced one another to get to Berlin first because Stalin believed the Americans and British intended to conquer Berlin as well.
0	11	1	15	"A ""whispered joke"" making the rounds at the time among Germans said the war would be over when the Volkssturm (old men and teenagers - Hitler's last ""soldiers"" of any kind) would take the S-Bahn to the front."
0	11	0	16	The iconic photo of a Soviet soldier raising the red flag on the Reichstag dates to that era, and graffiti made by Soviet soldiers in 1945 can still be found in the Reichstag Building.
0	11	1	16	"Some foreign tourists like to ask where the Führerbunker is, but like other potential ""shrines to Nazism"" it was levelled by the Allies and is now the site of a parking lot."
0	11	0	17	"The Topographie des Terrors (""Topography of Terror"") in central Berlin is an open-air exhibit that gives backgrounds on the sites of various Nazi offices in Berlin and which atrocities were directed from where."
1	11	0	17	Berlin was divided into four sectors in accordance with the agreements of Yalta and Potsdam.
0	12	1	17	While the powers had planned to jointly administer Berlin and Germany, it broke down with the Soviet blockade of the Western sectors, and then with the Berlin airlift.
0	12	0	18	West Berlin had to be supplied by the western allies through the air.
0	12	0	18	The airlift, including the dropping of small packets of candy on makeshift parachutes, endeared people in West Berlin to the Western allies, and eventually forced the Soviets to end the blockade.
0	12	0	18	"Despite the name ""raisin bomber"", the single most common good by net tonnage was coal."
0	12	0	18	Because the sectors were cut off from Soviet-occupied electricity lines, the planes also flew in an entire power plant and subsequently the fuel for it, but most coal was used to heat private homes.
0	12	0	18	West Berlin later became a part of West Germany in fact if not in name: it sent non-voting delegates to the Bundestag who were nominated by the Berlin parliament rather than elected by the people; similarly all federal laws had to be approved by the Berlin legislature, which usually happened without any real vote or discussion.
0	12	0	18	"Berlin remained the last open crossing in the increasingly militarised and airtight ""inner-German"" border."
0	12	0	18	"On 13 August 1961, the East German (GDR) leadership closed the border just weeks after East German leader Walter Ulbricht said in a press conference ""Niemand hat die Absicht eine Mauer zu errichten"" (nobody has the intention of building a wall)."
0	12	0	18	The border was fortified more and more in the ensuing years with several walls.
0	12	1	18	The concrete wall was soon covered in graffiti on its western side.
0	12	0	19	The side was in East Berlin, but neither the East German nor the West German authorities were willing or able to police it.
0	12	0	19	While there was an effort in the west to preserve historic buildings which had survived Allied bombardment, the GDR tore down buildings that might have been salvageable.
0	12	0	19	The Stadtschloss was seen as a remnant of feudalism and was replaced with the Palast der Republik which housed the GDR Parliament.
1	12	0	19	It was torn down after 1990 due to its political associations and asbestos content.
0	13	1	19	A new Stadtschloss at the same site, housing the Humboldt forum, opened in 2020.
0	13	0	20	The rebuilding of a feudal monument on the site of east Germany's most notable representative building was seen as a dubious political statement, and was controversial because of the questionable way in which many of the exhibits were acquired during the colonial era.
0	13	0	20	The partition also led to a unique development, especially in the Western half.
0	13	0	20	"West Berlin never legally belonged to the Federal Republic of Germany, even though it ""voluntarily"" applied most West German laws."
0	13	0	20	A prohibition on joining the military made it a place for many students and radicals or people who wanted to avoid the draft to go.
0	13	0	20	The student revolts of 1967/68 mostly took place here.
0	13	0	20	It was here that young Benno Ohnesorg was shot during a protest against the Shah of Iran in 1967.
0	13	0	20	This galvanised a movement against continued presence of Nazi elites, the Vietnam War and several - perceived or real - birth defects of the young German Federal Republic.
0	13	0	20	This movement, retroactively called die 68er (the 68ers), was most prominent in Berlin.
0	13	0	20	Its leader, Rudi Dutschke, an East German emigrant from Brandenburg.
0	13	0	20	In this era, Kreuzberg, a part of which was surrounded by the wall on three sides, became a hotbed of leftist activism.
0	13	0	20	There were frequent clashes with police, which have been occasionally repeated since reunification.
1	13	0	20	During partition, artists like David Bowie came to Berlin for inspiration.
0	14	1	20	A stop at landmarks symbolic of the division became a mainstay of foreign state visits to the city.
0	14	0	21	"Ronald Reagan famously stood in front of the Brandenburg Gate, made inaccessible by the Wall, when he said ""Mister Gorbachev open this gate; Mister Gorbachev tear down this wall."""
0	14	0	21	People fed up with the situation in East Germany - and encouraged by Gorbachev's policy of glasnost and perestroika - took to the streets in increasing numbers in 1989.
0	14	0	21	There was a large demonstration at Alexanderplatz in October 1989.
0	14	0	21	On 9 November 1989, GDR press secretary Günter Schabowski read aloud a new decree regarding an opening of the border during the first-ever live GDR press conference.
0	14	0	21	"On the subsequent question of when it would enter in force, he replied ""sofort, unverzüglich"" (i.e. immediately)."
0	14	0	21	While the people who had drafted the new decree had not intended for immediate entry into force, Schabowski had been kept out of the loop regarding that crucial detail.
0	14	0	21	This slip-up led to people flocking to the border post in the belief the Wall had fallen.
0	14	0	21	"The overwhelmed guards had no choice but to open the border, and this day became known as the ""fall of the Berlin Wall""."
0	14	0	21	The Wall was torn down in the ensuing days and weeks.
1	14	0	21	Events began moving fast, and after elections resulted in a clear pro-unification majority, East Germany joined West Germany on 3 October 1990, just days ahead of what would have been the 41st anniversary of the GDR.
0	15	1	21	Berlin became the capital of reunified Germany and most government institutions moved there in 1998.
0	15	0	22	Despite its almost total lack of industry (what survived the war either left West Berlin or was nationalised in East Berlin and mostly went bankrupt during 1989/90), Berlin is a major draw for immigrants, particularly the young and well-educated.
0	15	0	22	Unlike virtually all major capitals, Berlin is slightly less well-off than the national average, and thus has had comparatively affordable rents and costs of living during the postwar era, albeit with a steep upward trend catching up to its peers by the 2020s.
1	15	0	22	This has combined to make Berlin one of the centres of the startup phenomenon.
0	16	1	22	"The ""rent question"" has come to dominate Berlin politics in the 2020s with a Berlin-based rent control law struck down by the Constitutional Court on the grounds that a state government didn't have that authority (only the federal government does) and a plebiscite in the works that would expropriate big private real estate companies which had bought up a lot of Berlin housing stock cheaply in the neoliberal 2000s."
0	16	0	23	While the Wall is now fallen longer than it ever stood, and some scars of partition took only weeks or months to mend, there are still visible signs of where the border once was.
0	16	0	23	Some are seemingly innocuous like the lack of trams in the old West or the colour of street lights, but some are kept in place on purpose to remind locals and visitors alike of that phase of history.
0	16	0	23	After reunification, there was an iconoclasm of all things GDR.
0	16	0	23	While many things (particularly the monuments to the Soviet soldiers) were kept, the most notable victim of a drive to tear down all relics of Communist government was the Palast der Republik.
0	16	1	23	It was torn down in part because of asbestos contamination, but also to restore the former Prussian Stadtschloss, which had been torn down to make way for the GDR reorganisation of the city.
0	16	0	24	Berlin is at a transition point between temperate oceanic and continental climates, meaning warm summers and cold winters.
0	16	0	24	Nighttime temperatures typically fall below freezing in the winter, and snowfall is a regular occurrence, though the snow rarely accumulates for more than a few days.
0	16	0	24	Summers are typically pleasant, with daytime temperatures typically in the low 20s, and nighttime temperatures staying above 10 °C.
1	16	0	24	Berlin is a rather windy city, though by no means as windy as coastal cities like Hamburg or Lübeck.
0	17	1	24	A wind-stopping jacket comes highly recommended, especially during autumn and spring.
0	17	0	25	"As a city that grew from an assortment of minor towns in a backwater of Europe to the third biggest city in the world in barely more than two centuries, Berlin has always been a place where being ""from elsewhere"" was the rule rather than the exception."
0	17	0	25	During GDR times, East Berlin attracted many people from the countryside and other cities as new housing was built at a faster rate there to alleviate the housing shortage.
1	17	0	25	Furthermore, Berliners often enjoyed slightly fuller shelves and shorter lines in supermarkets than other East Germans.
0	18	1	25	In the West, some people left Berlin due to its isolation, and others came in due to the exemption from the draft.
0	18	0	26	Since reunification, Berlin's Jewish community has been growing because of immigration from the former Soviet Union, and because some young Israelis find Berlin a better place to live (and party) than Tel Aviv, Haifa or Jerusalem.
0	18	0	26	Today Berlin draws people from Germany and from all over Europe, particularly the south of the continent.
0	18	0	26	You will find a diaspora of very close to every ethnicity, religion and national origin in Berlin.
0	18	1	26	This means that Berlin is able to constantly reinvent itself, but a Berliner born-and-raised is something of a rare sight outside some outlying neighbourhoods.
0	18	0	27	Nowadays the conflicts between Easterners and Westerners are often replaced by jokes about Swabians, who have a reputation for thriftiness, uptightness and an audible dialect.
1	18	0	27	Many Swabians have flocked to neighbourhoods like Prenzlauer Berg, and the welcome hasn't always been warm.
0	19	0	27	"Make no mistake, however, often those complaining the loudest about ""Swabians"" or gentrification are relatively recent arrivals themselves."
0	19	0	27	"Berliners are notorious for a certain type of ""humour"" that can come across as just plain rudeness to those not accustomed to it."
0	19	0	27	The stereotypical Berliner has a reputation for impolite directness even among Germans who in general see little use in pleasantries and small talk.
1	19	0	27	Berliners will also frequently complain about supposed or real government incompetence which they find evidenced in everything from trash on the streets or a delayed bus to the woes during the construction of the new airport or the understaffed civil service.
0	20	1	27	However, it is generally not seen favourably when out of towners start joining the complaints.
0	20	0	28	Berlin is also a remarkably irreligious city with only about a quarter of the population belonging to either the Protestant or Catholic Church as tracked for tax reasons.
1	20	0	28	"Media – especially those of a conservative bent or based in mostly Catholic southern Germany – have consequently taken to calling Berlin the ""capital of atheists""."
0	21	0	28	Nevertheless, Berlin also has a large Muslim population, and you can meet people from every religion in Berlin.
0	21	0	28	From 1871 to 1940, Berlin was a centre for major German industrial companies and the administrative headquarters of many companies in all fields.
0	21	1	28	However, soon after the Second World War ended, many of these companies moved south or west, went bankrupt, or were nationalised in the GDR.
0	21	0	29	Berlin consequently became a centre of research, rather than of production.
0	21	1	29	"West Berlin had a special subsidy for ""Berlin-made"" industrial products during partition, but those were usually products which had the bare minimum of production occur in Berlin to benefit from the subsidy and almost all of those schemes ceased the moment the subsidy was ended after reunification."
0	21	0	30	While some company headquarters have moved to Berlin since reunification in 1990, the dominance of the capital is much less pronounced in the German economy than in that of most other European countries.
1	21	0	30	Despite the economic boost resulting from the country's capital moving back to the city, Berlin's unemployment rate soared over 10% from 2000 to 2010.
0	22	1	30	Berlin today is known in Germany for being a centre of creative branches such as design and arts of all kinds; you will see a lot of people working with Notebooks in some coffee shops.
1	22	0	31	"Since reunification some companies have established head offices in Berlin but in many cases those exist primarily to have a ""representative"" address on the letterhead and a lot of administration, let alone development or production is still done outside Berlin."
1	23	0	31	"In what many Berliners hope to be a sign of a trend change, Berlin founded industrial conglomerate Siemens is once again moving into its 1920s ""Siemensstadt"" in the 2020s to have a capital location for research, administration and production."
0	24	1	31	As Berlin grew from several different towns and villages, there is not one centre per se but rather several centres which can make orientation a bit difficult.
0	24	0	32	The apocryphal adage about Washington DC's street layout being designed to confuse invading armies could apply to Berlin as well, if it were designed by anybody to do anything at all.
0	24	0	32	Berlin's streets are confusing and follow no logic to speak of, owing to the development of the city and to decades of partition.
0	24	0	32	Cardinal directions are of little use: almost nothing is aligned straightforwardly east–west, nor north–south, not even the former border.
0	24	1	32	Street signs therefore usually bear the names of boroughs and sometimes local landmarks.
0	24	0	33	There may be different streets of the same name scattered across the city.
0	24	0	33	"For example, there are at least three streets named ""Potsdamer Straße"": one in Lichtenrade, one in Zehlendorf and another one in Giesendorf."
0	24	0	33	This is not an uncommon thing in Berlin in part due to it having been a bunch of separate cities and villages.
0	24	0	33	Some of the more common names have since been changed, but by far not all of them.
0	24	0	33	It is a good idea to always keep in mind which district you are travelling to.
0	24	0	33	German postal codes are pretty fine-grained and usually the same street-name should not appear twice in the same code, so try and use the full address with postal code and/or district.
1	24	0	33	Taxi drivers somehow have to (and usually do) know most of those strange and repeating street names.
0	25	1	33	"As Istanbul-born comedian Serdar Somuncu quipped with regard to the many Turkish-descendant taxi drivers, ""A German wouldn't go to Istanbul to become a taxi driver, yet countless Turkish taxi drivers get people to one of the three dozen Goethe Straßen in Berlin without fail every day""."
0	25	0	34	House numbers do not necessarily run in the same direction (up or down) everywhere.
0	25	0	34	On a lot of streets, the numbers ascend on one side and descend on the other.
1	25	0	34	So to avoid getting you lost, you should check the numbering scheme first: you can find the name of the street at nearly every street corner.
0	26	1	34	The same sign will usually state the range of house numbers in that segment.
0	26	0	35	Berlin's U-Bahn and S-Bahn bear the scars of decades of partition and of post-reunification lack of funds.
0	26	0	35	They originated as a hodgepodge of lines with different loading gauges constructed by private companies and then-independent cities.
0	26	0	35	Routes are indicated by number and the name of their endpoint, so memorise them lest you want to go many kilometres in the wrong direction.
0	26	0	35	A good public transport map comes in handy, and several institutions hand out city maps with urban rail stops indicated on them.
0	26	0	35	The U-Bahn, S-Bahn and, in the former East, Straßenbahn (tramway) are still a good way to get around.
0	26	1	35	The buses are also clean, reliable and relatively fast.
0	26	0	36	Berlin probably reached its cultural peak in the 1920s, although since then many artists took a lot of inspiration from the divided years.
1	26	0	36	Here are just a few books and films to introduce you to Berlin:
0	27	1	36	There are countless musical tributes to Berlin, many of which praise the imperfections that are characteristic of the city.
1	27	0	37	This is just a small selection:
0	28	0	37	Berlin is a centre of electronic music of all kinds, and its legendary clubbing scene attracts people from around the globe.
0	28	0	37	The movie Berlin Calling, with music by Paul & Fritz Kalkbrenner (the former also playing the main role), is a celebration of this part of Berlin culture.
0	28	0	37	Signage and automatic announcements are often available in English, and possibly other languages besides German.
0	28	0	37	Most signage related to the partition era is available in all three languages of the former occupiers (French, Russian and English).
0	28	1	37	There are, however, surprisingly many people who speak little or no English, in particular among the elderly and people who grew up in the East, where Russian was taught in schools.
0	28	0	38	This does not necessarily keep them from attempting to speak English with you if they notice an accent or halting German.
0	28	0	38	A lot of place names can be a bit tricky even to fluent German speakers as they are of Slavic origin.
1	28	0	38	"The widespread -ow ending is to be pronounced /o:/ like a long German ""o""."
0	29	1	38	"Saying ""Pankoff"" or ""Rudoff"" will mark you as an out-of-towner and might cause jokes at your expense."
0	29	0	39	"People who work in public transit and the tourism sector are now expected to speak at least some English, but they may not necessarily have much patience explaining the same thing over and over to tourists every single day, even when it's their job to do so, and the aforementioned Berlin rudeness / ""humour"" might come through when dealing with tourists."
0	29	0	39	Immigration and the Erasmus programme mean there are several other languages widely spoken.
0	29	0	39	In particular, there are some 200,000 people of Turkish origin living in Berlin, mainly in the western districts.
1	29	0	39	But don't assume someone speaks Turkish well (or at all) just because they have a Turkish surname.
0	30	1	39	Foreign students originate from all over Europe, but Spanish, Greek and Italian speakers are especially numerous.
0	30	0	40	As many students in Berlin are either Erasmus students or have been abroad elsewhere, you can reasonably expect students to speak at least passable English and often another European language.
1	30	0	40	The Berlin dialect (Berlinerisch) is still spoken by many people, particularly in outlying districts and neighbouring Brandenburg.
0	31	0	40	Dialect is usually more pronounced in the East and some words are almost entirely unknown even in West Berlin.
0	31	0	40	Some words used in the Berlin dialect:
0	31	1	40	You may also want to consider flying in to the airports of Hamburg, Frankfurt or Hanover.
0	31	0	41	From there you can take a (high-speed) train or intercity bus to Berlin.
0	31	0	41	The nearby airports of Leipzig and Dresden have fewer scheduled flights.
1	31	1	41	"The airport is in Fare Zone C of the Berlin public transit fare system, so you will have to use a ticket valid in BC (not valid for entering the central ""A"" zone) or ABC for €4.00 (August 2023)."
0	32	0	42	"Tickets valid only in AB or the DB ""City Ticket"" are not valid for travel to the airport and you are subject to a €60 fine (January 2023) if caught using the wrong ticket or no ticket at all."
0	32	0	42	There are also 24-hr tickets and 7 day tickets available.
0	32	0	42	From Terminal 1: The building that houses Terminal 1 also houses the annex Terminal 2 used by some low-cost carriers and will house Terminals 3 and 4.
0	32	0	42	It is served by 52.36428413.5081572 Berlin Brandenburg Airport railway station.  .
0	32	0	42	As Terminal 1 is served by more airlines and by higher prestige full service carriers, there is a bigger assortment of transportation options.
0	32	0	42	"There is a ""Flughafen-Express"" (FEX) or Airport Express to Berlin Main Station (Hbf) via Ostkreuz and Gesundbrunnen which is the fastest option to the main station from the airport."
1	32	0	42	There are also several long-distance IC lines going to destinations like Dresden or Rostock - they also stop at the main station but cannot be used with an ABC ticket.
0	33	0	42	After having served the Terminal 5 station, S9 and S45 also stop at the terminal 1 station (though they serve one intermediate station in between).
1	33	1	42	Bus X7 also serves Terminal 1.
0	34	0	43	From the airport by car: Should you wish to drive from the airport, use A113 and follow signposting.
0	34	0	43	Berlin's traffic is becoming a major issue, so think twice before using your car.
0	34	0	43	The central station 52.5254913.369133NOT
0	34	0	43	EXISTING LISTING IMAGE Hauptbahnhof (Central Station) together with 52.4754913.364744 Südkreuz (Southern Cross, formerly Papestraße) and 52.5100113.434545 Ostbahnhof (Eastern Station) — plus minor 52.5493913.388786 Gesundbrunnen in the north and 52.5347313.198397
0	34	0	43	Spandau in the west — forms the backbone of all connections.
0	34	0	43	All are connected to S- or U-Bahn.
0	34	0	43	All trains stop at Hauptbahnhof and a second major hub (depending on your itinerary).
0	34	0	43	Regional trains stop at several stations within Berlin, almost all of them also at Hauptbahnhof and all stop at least at one major long-distance hub.
0	34	1	43	The Hauptbahnhof is situated between the S-Bahn stations Friedrichstraße and Bellevue.
0	34	0	44	It is an impressive feat of architecture with many shops, most of them open on Sundays.
0	34	0	44	Given its size, the distances between train platforms are surprisingly short.
0	34	0	44	However, try to avoid tight connections, as the multilevel layout can be confusing at first and Berlin Hauptbahnhof is a good place to kill half an hour at any rate.
0	34	0	44	The new 'Hauptbahnhof' may appear as 'Lehrter Bahnhof' on older maps.
1	34	1	44	U5 connects the Hauptbahnhof to Alexanderplatz and destinations further east (older guides might state U55 instead which has been merged into the lengthened U5 in 2020).
0	35	0	45	Four S-Bahn lines ( S3 , S5 , S7 , S9 ) serve the station as do three tram lines (M5, M8, M10).
0	35	0	45	The tram lines serve the Main Station coming from the East and the M10 also runs west to Moabit (U Turmstraße).
1	35	1	45	"M10 is particularly known as a ""party tram"" due to its route serving several nightlife hotspots and has been the subject of many a newspaper article."
0	36	0	46	"In addition to these transport options mostly oriented East-West a new S-Bahn line, tentatively called ""S21"" is under construction serving as another north–south spine through Hauptbahnhof."
0	36	0	46	During partition Berlin had two main train stations: Zoologischer Garten (practically universally referred to in speech as Bahnhof Zoo or just Zoo) in the West, and Ostbahnhof in the East.
0	36	0	46	"The latter was named ""Hauptbahnhof"" from 1987 to 1998."
0	36	0	46	Since the opening of the Hauptbahnhof, most ICE and international lines no longer stop at Zoologischer Garten, although regional DB services and S+U-Bahn services still stop there.
0	36	0	46	Berlin is served by all the train types Deutsche Bahn (DB) has on offer, including high speed ICE, somewhat slower IC, and EuroCity (EC) operated by DB and other European railway companies.
0	36	0	46	Connections to the rest of Germany are excellent and most of Europe is reachable with one or two changes.
0	36	0	46	While train routes to Berlin suffered during partition, they were a high federal priority following reunification and today Berlin has fast train connections to the west and south.
1	36	1	46	Trains due north and east are still a bit slower.
0	37	0	47	For example, the line to Dresden is slower today than it was in the 1930s when streamlined steam trains plied the route.
0	37	0	47	"Domestic trains to Berlin include ICE services from Hamburg, Munich via Leipzig/Halle, Erfurt and Nuremberg with the fastest trains arriving in Berlin less than four hours after departure from Munich, IC/EC services from Dresden, and several ""regional"" trains, which have more intermediate stops and longer travel time than ICE."
0	37	0	47	Among these the IRE from Hamburg might be of interest due to its cheap fixed price (€19.90 one way, €29.90 round trip).
1	37	1	47	"Berlin is also a stop for several ""ICE Sprinter"" services - ICE trains with fewer or no intermediate stops intended to lure business travellers from planes onto trains with faster travel times."
0	38	0	48	Berlin is also served by a private competitor of DB: Flixtrain, a subsidiary of Flixbus.
0	38	0	48	They run trains from Stuttgart via Wolfsburg, Frankfurt and other stops, from Cologne via Bielefeld, Hanover, and Wolfsburg, from Basel, via Frankfurt, as well as shorter distances from Dresden, and Leipzig with a stop in Wittenberg.
0	38	0	48	In addition to Hauptbahnhof, some Flixtrain trains stop in some of Berlin's other major train stations; Gesundbrunen, Ostbahnhof, Südkreuz, and Spandau.
1	38	1	48	Flixtrain doesn't accept any DB tickets, and the same is true vice-versa.
0	39	0	49	The Austrian railway company ÖBB (under the name Nightjet) runs sleeper trains to Berlin from Vienna (11 hr) and Zürich (12 hr).
0	39	0	49	There are also long-haul sleeper trains from Moscow via Minsk and Brest, run by RZD[dead link] at least once a week, with greatly increased departures during spring and summer.
0	39	0	49	From the other direction, this train originates in Paris the night before, making it a handy overnight connection between the two cities - and the only sleeper train between Germany and France.
0	39	0	49	Apart from a summer-only service from Kaliningrad, there are as of 2017, no other overnight trains from Eastern European and Russian cities.
0	39	0	49	52.507613.27988 Zentraler Omnibusbahnhof (ZOB) (Central Bus Terminal) (in Charlottenburg, Masurenallee.).
0	39	0	49	Long distance buses generally arrive here.
0	39	0	49	There are numerous buses to all directions and the U-Bahn stops (Theodor-Heuss-Platz or Kaiserdamm; both U2) or the S-Bahn stop (Messe Nord/ICC S41/42 and S46) is a 5-minute-walk away.
0	39	0	49	Follow signposting.
0	39	0	49	Some bus lines have other stops around Berlin, often including Südkreuz and/or the airport.
1	39	1	49	The bus station is not really close to anything.
0	40	0	50	Retail services are limited and the prices as high as one might expect at a gas station.
0	40	0	50	From 2016 to 2022 the station is undergoing renovation and expansion to cope with rising and changing demand - the station will remain operational throughout the expansion but some services may become temporarily unavailable.
0	40	0	50	As part of the purpose of the works is to reduce average dwell times from half an hour to 15 minutes it will also benefit those just driving through or connecting.
1	40	1	50	The bus station website lists all departures and arrivals including the company running the service so it is a good place to look for up-to-date travel options.
0	41	0	51	"Berlin's ""capital beltway"", the A10 Berliner Ring, extends up to 30 km (19 mi) outside the city limits and actually only touches Berlin itself in the Northeast."
0	41	0	51	It was built in the GDR era as the longest circular motorway in the world to direct traffic around West-Berlin but has since been surpassed in length by Beijing's sixth ring road and also Beijing's seventh ring road when it opens.
0	41	0	51	At 196 km (122 mi) it is 8 km (5.0 mi) longer than the M25 around London, Europe's second longest orbital motorway.
0	41	1	51	These motorways (enumerated in a clockwise direction) connect with the ring:
0	41	0	52	From the ring, these are the motorways heading towards the city:
0	41	0	52	There are also dual carriageways:
0	41	0	52	Inside Berlin there is a heavily congested inner ring motorway (A100), which encircles the north, west and south with the northeastern section missing.
1	41	1	52	Berlin driving is not for the faint-hearted, but manageable as there are wide streets and reasonably good parking conditions - at least in most parts of the city.
0	42	0	53	The very existence of A100 is controversial in Berlin and its extension even more so.
0	42	0	53	There are occasional demonstrations on A100 (usually with some transportation policy related aim) that shut down A100 for motorized traffic.
0	42	0	53	Berlin has a low emission zone (Umweltzone), which contains all areas within the S-Bahn ring.
0	42	0	53	All vehicles moving inside this zone (including foreign vehicles) are required to bear a green emissions sticker (Feinstaubplakette).
0	42	0	53	There are exceptions, e.g., for historic cars, but not for foreign number plates.
0	42	0	53	The sticker can be ordered on-line.
0	42	0	53	Being some 200 km (120 mi) inland, Berlin does not have a seaport.
0	42	1	53	"The nearest seaport is Rostock-Warnemünde, which is 2½-3 hours away by train, though still sold by many cruise ship operators as ""Berlin"", so don't be surprised."
1	42	0	54	There are similar distances to the seaports of Hamburg and Szczecin.
0	43	0	54	"The latter was ""Berlin's port"" until 1945, but Cold War neglect and the newly drawn German-Polish border have all but severed that connection."
0	43	0	54	There have been only slow attempts in the 2010s and 2020s to re-establish the link.
0	43	0	54	Some river cruises start or end at Berlin, using the Havel, Spree and some canals for cruises to Prague or the Baltic Sea.
0	43	0	54	While river cruises in this area are nowhere near as popular as those along the Rhine or the Danube, there is some charming nature (including the Spreewald) rather close to Berlin.
0	43	0	54	Most cruises include a tour of Berlin as the river Spree runs close to many sights.
0	43	0	54	The 700-km Berlin-Copenhagen Cycle Route and the 340-km Berlin-Usedom Cycle Route both end in Berlin.
0	43	0	54	As Berlin is a major metropolis with pretty decent public transit, you should take buses, trains and trams whenever possible as those cover most of the city and are often the fastest way to get to places.
1	43	1	54	The Berliner Verkehrsbetriebe (BVG) list all their fares on their website.
0	44	0	55	Consult their Berlin route planner (in English) to get excellent maps and schedules for the U-Bahn, buses, S-Bahn local trains (RB and RE) and trams, or to print your personal journey planner.
0	44	0	55	The route planner can also calculate the fastest door-to-door route for your destination for any given day and hour.
0	44	0	55	However, the route planner assumes a rather slow walking speed.
0	44	1	55	It might suggest taking a bus or tram for a single stop where healthy adults would be faster walking.
1	44	0	56	The planner will let you pick between three walking speeds, but even the fastest walking speed is not terribly fast if you have no luggage.
0	45	1	56	While BVG doesn't run S-Bahn or local trains, they are covered by the website and can be used with the same tickets.
0	45	0	57	The public transport system in Berlin (U-, S-Bahn, bus, tram, regional rail) uses a common ticket system based on zones (zone A, B and C).
0	45	0	57	You are unlikely to go beyond zone A and B, except on trips to Potsdam or to the airport (BER).
0	45	0	57	The border between zones A and B is the S-Bahn Ring (see below).
0	45	0	57	Zone C includes trips to and within Potsdam.
0	45	0	57	The following tickets can be used for single journeys:
0	45	0	57	Several options are available for unlimited travel:
0	45	0	57	Tickets valid for only B and C are available as well, which you might need for a single trip to the Airport from somewhat out of the way lodgings.
0	45	0	57	"There is only one way to get a ticket only valid in A: Deutsche Bahn offers ""City Tickets"" as an add-on for their long distance train tickets and in Berlin those are only valid for a single trip inside the A zone."
0	45	0	57	Reduced fares apply for children 6 to 14.
0	45	0	57	Children under 6 ride free.
0	45	0	57	Tickets can be purchased in several ways.
0	45	1	57	Upon arrival at the different Berlin airports, some tickets can be purchased at the tourist desk.
1	45	0	58	All tickets are available at vending machines at the airports, U- and S-Bahn platforms, and passengers may also use the vending machines operated by DB at long-distance and regional railway stations to purchase the same.
0	46	0	58	English and other European languages are available.
0	46	1	58	Payment is mostly by local bank cards, coins and banknotes.
0	46	0	59	If you need assistance most larger stations have staffed ticket counters where you can ask questions and buy tickets.
0	46	0	59	Buses will accept cash, and make change for tickets.
0	46	0	59	Hotels may sell tickets as well.
0	46	0	59	It is also possible to purchase tickets with an overseas debit or credit card (i.e. Visa and Mastercard) via the BVG mobile app and DB Navigator app (from the menu, tap Transport associations then VBB - Berlin & Brandenburg and select the appropriate ticket) but ensure that the device your ticket is loaded into has sufficient battery life to last the duration of the journey.
0	46	0	59	In some places people will try to sell used tickets to you.
0	46	1	59	You can go only one direction with a single-journey ticket (check the validation stamp and be careful as this could also be a pickpocket trick).
1	46	0	60	Don't pay more than half the price.
0	47	0	60	You need to validate your ticket using the machines on the U- and S-bahn platforms or in the bus.
0	47	0	60	The machines are yellow/white in the U-Bahn and the bus, and red on S-Bahn platforms.
0	47	0	60	Validation simply means the machine prints a time stamp onto the ticket to indicate the beginning of the ticket's validity period.
0	47	0	60	Alternatively, if travelling on the regional trains (see next section), a conductor may validate the ticket for you whilst on board by punching a time stamp.
0	47	0	60	Once validated, a ticket which is still valid does not need to be re-validated before each single trip.
0	47	1	60	When purchasing tickets through the DB Navigator app, passengers can opt to validate their ticket immediately after purchase so there is no need to do anything further to validate it.
1	47	0	61	Whilst it might be tempting to try to avoid buying a ticket given the absence of physical barriers, plain-clothed inspectors do patrol the trains.
0	48	1	61	There is a €60 fine if you are caught without a validated ticket or if the device your ticket is loaded into runs out of battery shortly before or during inspection.
1	48	0	62	Ticket inspections are arguably more common than in other cities and the inspectors more strict than in other cities.
0	49	0	62	Don't even try to outrun one.
0	49	0	62	They'll catch you and be all the more pissed at you.
0	49	0	62	In some cases fare inspectors have not shirked from using physical force to restrain would be fare-evaders.
0	49	0	62	Fare dodging cases rarely go to court unless for repeat offenders.
0	49	0	62	If you need to get around the city quickly, take the S-Bahn.
0	49	1	62	"The Ringbahn that goes all around Berlin in a circle (or as local politicians would have it ""a dog's head"") lets you get to other parts of the city really fast."
1	49	0	63	"The S-Bahn originates from a circular railway (""Ringbahn"") and an east–west trunk (""Stadtbahn"") built in 19th century to provide better connectivity between the terminus stations which were the endpoints of virtually all long distance train services to Berlin those days (similar to the way train stations are laid out in Paris or London today) which were later quadruple tracked with two tracks electrified for S-Bahn service (and later two tracks electrified with the mainline system) and in the 1930s a North-South Tunnel was added exclusively for the S-Bahn."
0	50	0	63	"The four stops where those intersect are named (x-)kreuz (x being the cardinal direction) with the exception of the Northern one which is officially Bahnhof Gesundbrunnen but sometimes referred to as ""Nordkreuz""."
0	50	0	63	So there is Ostkreuz, Westkreuz, Südkreuz and Gesundbrunnen.
0	50	0	63	The S-Bahn was neglected in the West during most of Berlin partition (see infobox for the reasons why) and some routes that were abandoned in this era are still not rebuilt and maybe never will.
0	50	0	63	The S-Bahn is being expanded, however, and the network is now seamless: the former border is hardly ever notable to the casual observer.
0	50	0	63	In the centre, most S-Bahn lines S5 , S7 , S75 run on an east–west route between Ostkreuz and Westkreuz via the stops Warschauer Straße, Ostbahnhof, Jannowitzbrücke, Alexanderplatz, Hackescher Markt, Friedrichstraße, Hauptbahnhof, Bellevue, Tiergarten, Zoologischer Garten, Savignyplatz and Charlottenburg.
0	50	0	63	Other lines run along a circle track around the city, most notably the S8 and the S41 , S42 , S45 , S46 lines, and there's also a north–south connection S1 , S2 , S25 from Gesundbrunnen through Friedrichstraße and Potsdamer Platz to Südkreuz or Schöneberg.
0	50	0	63	S-Bahn woes
0	50	0	63	All of Berlin's public transit systems have been affected by the city's turbulent history in one way or another but probably none more than the S-Bahn.
0	50	0	63	Based upon tracks mostly built during the Kaiserreich, the S-Bahn started to become distinct from other trains during the Weimar Republic and was expanded by the Nazis ahead of the 1936 Olympics - based on plans already existing before their power grab.
0	50	0	63	It got damaged in the war (not least by some Nazis blowing up the North-South tunnel flooding the S-Bahn and much of the U-Bahn in the process) but much less than through later politics.
0	50	0	63	"Upon partition, ""Deutsche Reichsbahn"" was granted the rights to operate the S-Bahn in all sectors of the city."
0	50	0	63	Deutsche Reichsbahn would thus remain the name of the GDR state railway until reunification.
0	50	0	63	In 1949 the workers on the S-Bahn in the West went on strike and while the issue was resolved, it showed problems to come.
0	50	0	63	The wall went up in 1961 and on that day several connections were severed and some lines have not returned to service since.
0	50	0	63	The construction of the wall also showed people in West Berlin just what the East was capable of and just how powerless they were.
0	50	1	63	The S-Bahn however was an easy way to hit the East: it had been a fairly steady source of hard currency until that point but now a broad consensus from right wing press to social democratic politicians were in agreement to boycott the S-Bahn.
1	50	0	64	"Slogans like ""we won't pay for Ulbricht's barbed wire"" discouraged people from riding and bus or subway lines were intentionally run parallel to the S-Bahn."
0	51	0	64	The GDR did not raise fares for propaganda reasons and to keep the last few riders riding, but the increasing decay and shoddy safety of stations and trains contributed to only tourists and malcontents riding the S-Bahn in the West.
0	51	1	64	The East Berlin S-Bahn however was expanded and frequently used - becoming one of a few things better on the other side of the wall.
1	51	0	65	All this might've gone on for ever, but in 1980 the West Berlin S-Bahn workers went on strike again.
0	52	0	65	The GDR authorities tried everything from cutting service to all the carrots and sticks in their arsenal, but ended up having to admit defeat.
0	52	0	65	Several lines closed in 1980 have similarly not yet seen a return of service.
0	52	0	65	By 1984 the East German authorities had finally convinced West Berlin to take the S-Bahn as a gift and the BVG would run the S-Bahn for a few years until it became part of Deutsche Bahn AG upon reunification.
0	52	1	65	In the 2000s sloppy repair schedules and attempts to cut costs led to yet another round of chaos but the issue was resolved and these days the S-Bahn mostly does what it is supposed to do.
1	52	0	66	Regional trains (RB, RE) run along the same central east–west connection, but stopping only at Lichtenberg or Karlshorst, Ostbahnhof, Alexanderplatz, Friedrichstraße, Hauptbahnhof, Zoologischer Garten, Charlottenburg and Spandau or Wannsee, as well as other lines connecting north–south from Jungfernheide or Gesundbrunnen through Hauptbahnhof, Potsdamer Platz and Südkreuz to Lichterfelde-Ost.
0	53	0	66	Between the stations in the city centre, RB and RE trains run only two to three times an hour per direction so whilst you may be arriving at your destinations faster than with the S-bahn, you may have to wait longer to catch an RB/RE train.
0	53	1	66	Long distance trains mostly run to Hauptbahnhof, often with one or two extra stops at other stations and local tickets are normally not valid for trips on these stretches.
1	53	0	67	"The Berlin U-Bahn (commonly understood to be short for Untergrundbahn - ""underground railway"") is a network of ten lines across the city."
0	54	0	67	"They are numbered from 1 to 9 with the prefix ""U"" ( U1 U2 U3 U4 U5 U6 U7 U8 U9 )."
0	54	0	67	You may find the U-Bahn network slightly less logical and convenient to use than in other European capitals, as Berlin's troubled history made its mark on it and many key locations remain unconnected, which is why using buses, trams and S-Bahn to complement the U-Bahn is probably necessary for efficient travel throughout Berlin.
0	54	0	67	However, as those systems are fully integrated (see above), you can do so with only one ticket or type of ticket.
0	54	0	67	Generally speaking in the east trams are more widespread while the west relies more heavily on U-Bahn, but that has been slowly changing since 1990.
0	54	1	67	"Despite the name ""underground"", some 20% of the network is actually made up of overground stretches running over characteristic viaducts throughout the city, adding a certain flavour to Berlin's cityscape."
1	54	0	68	This arrangement is similar to many older subway systems which include elevated or even at-grade sections like the Hamburg system or the M2 / M6 lines in Paris.
0	55	0	68	Unlike light rail systems or the Berlin tram however, all parts of the network have their own right of way and subways don't have level crossings.
0	55	1	68	Detailed maps can be found in every U-Bahn station and on the trains.
1	55	0	69	U-Bahn stations can be seen from far by their big, friendly blue U signs.
0	56	1	69	Together with the S-Bahn (which is administered by Deutsche Bahn and mostly runs aboveground), the U-Bahn provides a transportation network throughout greater Berlin that is extremely efficient and fast.
1	56	0	70	On weekends (Friday to Sunday), and during the Christmas and New Year holidays, all U-Bahn and S-Bahn lines (except line U4) run all night, so returning from late night outings is easy, especially given the average start time of most 'parties' in Berlin (23:00 to 01:00).
0	57	0	70	During the week there is no U-Bahn or S-Bahn service from c. 01:00-04:30, but metro trams/buses and special Night Buses (parallel to the U-Bahn lines) run every half an hour 12:30-04:30.
0	57	0	70	The night buses which replace U-Bahn lines are conveniently named N-1 thru N-9 after their respective U-Bahn line.
0	57	0	70	There are no turnstiles to limit access to U-Bahn station platforms; it is thus physically possible to ride (but illegal) without a ticket.
0	57	0	70	"If one is caught by a ticket checker you will be fined €60 (see ""Validating tickets"" above) so it is not worth the risk to ride without carrying a valid ticket."
0	57	1	70	However, it is generally not a problem to pass through the U-bahn platforms to merely get to the other side of the street.
1	57	0	71	During the day, U-Bahn trains don't run to a schedule (or rather, their schedule is used internally by the BVG only but can be gleaned by searching departures via the app) as the headways are short enough to make the distinction whether a train is the 8:45 three minutes or the 8:50 two minutes early academic.
0	58	0	71	Nearly all U- and S-Bahn stations now have electronic signs that display the expected arrival of the next train (and its direction), based on sensors along the lines.
0	58	0	71	Design-wise, U-Bahn stations are about as diverse as you'd expect for a system that started operations when the Kaiser reigned and has been expanded in phases of overflowing as well as empty municipal coffers.
0	58	0	71	Quite a handful of stations built before World War II were designed by the Swedish architect Alfred Grenander (died 1931) whose designs are much lauded and who included some useful features like having each station dominated by a certain color which - where it is still visible to the untrained eye - helps in quickly recognizing a station.
0	58	1	71	From the mid 1960s to mid 1990s most stations built in West Berlin were designed by Rainer G. Rümmler (1929-2004) who gave each station a much more individual look compared to Grenander who preferred to vary only small details like the color of the tiles.
0	58	0	72	East Berlin relied more on trams and S-Bahn and the U5 which was mostly built above ground is the only line extended by east Berlin.
0	58	0	72	"The only underground U-Bahn station built by east Germany is ""Tierpark"" along U5."
0	58	0	72	"There are of course other stations, designed by other architects; for the most recent U5 extension, ""Museumsinsel"" station was built to impress with a rather grandiose design inspired by Prussian ""star architect"" Karl Friedrich Schinkel, who designed many buildings in the vicinity but was unavailable for the design of U-Bahn stations as he died more than half a century before the first U-Bahn station opened in Berlin."
0	58	1	72	The trams (Straßenbahn) are mostly found in East Berlin, as the West Berlin tram network was shut down in the 1960s in an effort to make the city more car friendly.
1	58	0	73	If you don't already have a ticket, you can buy one inside the tram.
0	59	1	73	"Since reunification there has been a gradual ""reconquista"" of areas once served by trams in West-Berlin and in some parts of Mitte it is hard to tell from trams alone where the wall used to be."
1	59	0	74	In outlying districts of West Berlin, however, trams are still nowhere to be found - in stark contrast to the East, where they provide much needed access to planned bedroom communities from East German times.
0	60	0	74	Tram extension in the West is frequently talked about and generally enjoys the support of the left part of the political spectrum, but unfortunately various issues, including an underfunded and overworked civil service as well as nimbyism have made turning talk into action difficult.
0	60	0	74	There are two types of tram.
0	60	0	74	Metrotrams usually have a 24/7 schedule as well as higher frequencies during daytimes, although stops are more spread out.
0	60	0	74	"Metrotrams are marked by an ""M"" in front of their line number (e.g., M10)."
0	60	0	74	Regular trams stop more frequently and even incorporate picturesque single-track rides through forested areas far east of the Mitte district.
0	60	0	74	"Despite being called ""tram"" the network has almost all characteristics of light rail and new lines are almost always built with their own right of way, making travel times faster than by bus."
0	60	0	74	Even compared to some other trams in other German cities, the newest generation of Berlin trams have impressive acceleration, so take care when boarding and try to get a seat or hold onto something, especially if you're not sure on your feet.
0	60	0	74	Berlin's buses are a very important form of public transportation, as they complement the light rail systems wherever they were removed (trams in the West) or remain incomplete.
0	60	0	74	Due to the heavy loads and demands of narrow streets, Berlin is one of the few cities in Europe to use double-decker buses extensively - over 400 of the 1400 buses in operation in Berlin are double-deckers.
0	60	0	74	A ride in a Berlin double-decker should be on the to-do list of every first-time visitor to Berlin.
0	60	1	74	However, there are a couple of important things to be aware of.
1	60	0	75	The double-decker buses have two staircases - by custom you go up the front staircase and down the rear one, not the other way around.
0	61	0	75	Most drivers will not wait for you to descend the stairs while the bus is at the stop - unless there is a queue of people descending the stairs you should make sure you are at the exit door when the bus pulls up.
0	61	0	75	Unlike other world cities, you should not flag down buses at stops in Berlin, even if there are multiple routes serving the stop.
0	61	1	75	Some drivers may consider it an insult to their professionalism.
1	61	0	76	A frequent problem with buses, particularly busy lines during rush hour and especially in the West (where they have to cope with levels of patronage more common for light rail lines) is bunching.
0	62	0	76	As many buses come every five minutes during busy times, the first bus will get most of the passengers, meaning the bus behind catches up, which means the second bus gets even less passengers catching up even more, until finally two or three buses come a minute apart or even at the same time and then no bus comes for 15 minutes despite a nominal 5 minute headway.
0	62	0	76	BVG are rather self-deprecating about the issue but aside from building new tram lines there is very little that can be done about it.
0	62	0	76	Boarding fast and getting away from the door area is the best you can do to mitigate the issue.
0	62	0	76	There are various types of buses in Berlin, each indicated separately on public transit maps:
0	62	0	76	There is no difference in fares between different types of buses - even the MetroBuses, the 100 and 200 demand the same fares as regular buses.
1	62	0	76	"Therefore, riding the city buses is a very cost-effective way of exploring the city compared to the many privately operated ""hop-on/hop-off sightseeing bus tours""."
0	63	0	76	"There are two exceptions to this rule, but they don't actually serve any point inside Berlin's city boundaries, namely ""BER1"" and ""BER2"", airport express buses to Berlin Brandenburg Airport which charge a surcharge on top of the regular BVG fare."
0	63	0	76	Check the airport article for more information on them.
0	63	1	76	Berlin has no steep hills and offers many bicycle paths (Radwege) throughout the city (although not all are very smooth).
0	63	0	77	These include 860 km of completely separate bike paths, 60 km of bike lanes on streets, 50 km of bike lanes on pavements or sidewalks, 100 km of mixed-use pedestrian-bike paths, and 70 km of combined bus-bike lanes on streets.
0	63	0	77	Bicycles are a very popular method of transportation among Berlin residents, and there is almost always a certain level of bicycle traffic.
0	63	0	77	The political debate in the 2010s has swung decisively in favour of cycling, with a city-wide plebiscite causing the reigning centre/left red-red-green coalition to sign into law an extensive programme in favour of more and better cycle infrastructure, which the initiators of the plebiscite have stated to monitor closely to ensure implementation.
1	63	1	77	"In the course of the Covid 19 Pandemic a lot of ""pop-up bike lanes"" have been set up throughout the city, but especially in Bezirke dominated by greens and leftists."
0	64	0	78	"Media coverage and public statements by politicians indicate that most ""pop-up bike lanes"" will stay even after the pandemic ends."
0	64	0	78	Seeing Berlin by bicycle is unquestionably a great way to get acquainted with the big tourist sites, and the little sprees and side streets as well.
0	64	0	78	Probably the most famous bicycle path is the Mauerradweg, a bike path along the former Berlin wall.
0	64	0	78	Although it's good to carry your own map, you can also always check your location at any U-Bahn station and many bus stations.
0	64	1	78	You can create your own bicycling maps on-line, optimised by less busy routes or fewer traffic lights or your favourite paving.
0	64	0	79	Traditional rental places are widespread, especially in areas frequented by tourists.
0	64	0	79	Have a look around or ask at your accommodation.
0	64	0	79	Most places have a rental charge of between €8 and €12 per day – they are excellent value and give you the freedom to explore the big city.
0	64	0	79	If you are not familiar with searching your own way through the city or you want more explanation of the sights you visit, you can get guided bike tours (with bike included) on Baja Bikes or Berlin Bike.
0	64	0	79	Berlin also has a bike sharing programme, LIDL-BIKE[dead link] (formerly Call a Bike) making bikes available all over the town to pick up and leave anywhere you like.
0	64	0	79	The bikes are grey/green and can be found across the central districts of Berlin.
1	64	0	79	Follow the instructions on the bike touchscreen or use the mobile app.
0	65	1	79	Rentals cost, basic annual fee of €3, then €1 for each 30 minute up to a maximum of €15 a day.
1	65	0	80	You may however prefer to pay the monthly fee of €9 or a yearly fee of €49 and get the first 30 minutes of each rental for free, even right after returning your previous bike.
0	66	0	80	You can take your bicycle on any S- and U-Bahn, trains and trams using the designated areas.
0	66	0	80	Ferries usually have space for bike but can get crowded during peak times and good weather.
0	66	0	80	Buses do not take bikes with the exception of night buses N1-N9 on the nights between Sunday and Monday, and Thursday and Friday (that's when there is no night service of the U-Bahn).
0	66	0	80	These buses have space for one bike.
0	66	0	80	Bike space on any mode of public transport is limited and you might be refused entry.
0	66	0	80	Wheelchairs and buggies have priority over bikes.
1	66	0	80	You need to purchase a ticket for your bike as well.
0	67	0	80	The prices are as follows:
0	67	1	80	Uber, Bolt and Free Now cover the city.
1	67	0	81	Taxi services are easy to use and a bit less expensive than in many other big Central European cities.
0	68	0	81	You can hail a cab (the yellow light on the top shows the cab is available), or find a taxi rank (Taxistand).
0	68	0	81	Taxi drivers are in general able to speak English.
0	68	0	81	Like in other big cities, many taxi drivers are immigrants or children of immigrants so some might speak the legacy language in addition to German and English.
0	68	0	81	If you ask for a short trip (Kurzstrecke), as long as it's under 2 km and before the taxi driver starts the meter running, the trip normally is cheaper, €4.
0	68	1	81	This only applies if you flag the taxi down on the street, not if you get in at a taxi rank.
1	68	0	82	Here there is a taxi price calculator for Berlin.
0	69	0	82	Driving around Berlin can be expensive and time consuming compared to a combination of walking and public transport, but compared to other European cities with dense old towns and narrow streets, many drivers don't find the streets of Berlin to be too stressful.
0	69	0	82	If you're committed to driving within the city, remember that only low-emission vehicles displaying the green certification sticker are permitted inside the low emission zone (Umweltzone), which roughly matches the area inside the Ringbahn.
0	69	0	82	Rental cars from agencies in Germany should already have the sticker.
0	69	0	82	On-street parking varies by neighbourhood.
0	69	1	82	Most areas within the Ringbahn charge for street parking during daytime or business hours, Monday though Saturday.
1	69	0	83	Some areas charge all week long; pay attention to signage or check the online map (available in German only).
0	70	0	83	Hourly rates range from €2-4 (2023), and you can pay at an electronic meter (Parkscheinautomat) or on an app.
0	70	0	83	Outside the managed areas, you can park for free (where space is available).
0	70	0	83	Most areas of the city are within a reasonable walk or short transit ride of some free parking.
0	70	0	83	Parking garages (Parkhaus or underground Tiefgarage) are common in busy areas.
0	70	1	83	Hourly rates are comparable to surrounding street rates, but 24-hour rates can be significantly cheaper.
0	70	0	84	Deutsche Bahn provides a map with details of parking facilities near train stations and throughout the city.
0	70	0	84	Note that not all hotels provide parking, but they should be able to direct guests to a Parkplatz nearby.
0	70	0	84	"Entrances to parking structures can be tough to find; look for the standard sign (a white ""P"" on a blue square)."
0	70	0	84	Alternatively it's possible to park your car at one of the free Park and Ride (P+R) parking lots next to S-Bahn stations outside the Ringbahn.
0	70	1	84	Despite not being a maritime city like Hamburg or Venice, Berlin does have usable waterways and the BVG run a couple of ferries, which can be accessed with regular BVG tickets.
1	70	0	85	Most of the ferries are of local interest only, but the Ferry line F10 covers 4.4 km (2.7 mi) across the Wannsee and connects to the S-Bahn at one end.
0	71	0	85	More of a tourist attraction than actual practical transportation is Ferry F24, which is the only ferry operated by a rowing boat in Berlin and the only rowing boat ferry that is part of any public transit ticketing system in Germany.
0	71	0	85	"In an effort to become a ""greener"" city some of the ferries run on electricity provided by solar panels on their roofs or land based charging stations."
0	71	1	85	In addition to those public transit ferries there are tour boats doing sight seeing trips mostly along the river Spree and mostly as circular tours.
1	71	0	86	They are much more expensive than BVG tickets.
0	72	0	86	In the course of the 2017 international gardening exhibition in Berlin/East, Berlin received its first gondola lift[dead link], which stayed in operation after the exhibition closed.
0	72	0	86	It links to Kienberg (Gärten der Welt) U-Bahn station along U5 at one end and has all of three stations along a line length of 1,580 m (5,180 ft) which is comparable to U55.
0	72	1	86	It is not part of BVG ticketing and at €6.50 per return trip, tickets are comparatively expensive.
0	72	0	87	"Berlin has numerous attractions dating from its turbulent history and in part owing to the fact that it was a ""double capital"" for 40 years."
0	72	0	87	While the upkeep of some is an ongoing headache for the treasurer, they are a delight to visitors and many locals alike.
0	72	0	87	Berlin has a vast array of museums.
0	72	0	87	By far most of them are covered in the Mitte district guide, which, among others, covers the 52.52138913.3955561 Museumsinsel (an island on the Spree covered with historic museums) and the 52.508313.36782 Kulturforum (a collection of contemporary cultural institutions).
0	72	0	87	You will also find a good deal of museums in the old heart of West Berlin and Steglitz-Zehlendorf area of the city, but there are larger or smaller museums in almost every district.
0	72	0	87	There are museums covering everything, from art through Berlin's and Germany's history to various branches of technology and science.
0	72	1	87	Most museums charge admission for people 18 years of age or older - usually €6 to €14.
1	72	0	88	Discounts (usually 50%) are available for students and disabled people with identification.
0	73	0	88	Children and young people can often come in free, but do check the age restrictions in particular museums.
0	73	1	88	A nice offer for museum addicts is the three-day Museums Pass for €29 (concessions: €14.50) (January 2023), which grants entrance to all the regular exhibitions of the approximately 30 state-run museums and public foundations.
1	73	0	89	Most museums are closed on Mondays - notable exceptions include the Pergamon Museum, the Neues Museum and the Deutsches Historisches Museum, which are open daily.
0	74	0	89	Museumsportal Berlin, a collective web initiative, offers easy access to information on all museums, memorials, castles and collections and on current and upcoming exhibitions.
0	74	0	89	Some museums offer free or steeply discounted entry once a week, once a month or during certain hours of the day.
0	74	0	89	This website has daily updates on free offers in Berlin.
0	74	0	89	Every first Sunday of the month, many museums in Berlin are free of charge.
0	74	0	89	Sometimes a reservation is necessary in advance.
0	74	1	89	For more information, see Museums Sonntag Booking.
1	74	1	90	While the Berlin Wall has long been dismantled and much of the grounds it occupied completely redeveloped, you can still find parts of the wall preserved around Berlin.
1	75	0	91	This does not refer to very small pieces of the Wall sold by the East German government immediately after its dismantling, which can be found in various cafes, restaurants and hotels not only in Berlin, but to actual preserved fragments of the Wall still standing in their original locations.
0	76	0	91	For large parts of the distance the wall ran in central Berlin, pavement markers show its former location.
0	76	0	91	The iconic 52.51627213.3777223 Brandenburg
0	76	1	91	Gate is right at the main street, Unter den Linden.
0	76	0	92	One of the most often visited is the 52.507513.3902784 Checkpoint Charlie at the southern border of Mitte and Kreuzberg, which is a recreated legendary border crossing within the Friedrichstraße.
1	76	0	92	You cannot see the actual wall there, but this iconic (and extremely touristy) point is on almost every visitor's list.
0	77	0	92	West from there, you can find a piece of the wall lining up the Niederkirchnerstraße next to the Topography of Terror museum in Kreuzberg.
0	77	0	92	Another popular site is the East Side Gallery along the Spree in Friedrichshain, a very long stretch of preserved Wall with colorful graffiti.
0	77	1	92	All of the aforementioned fragments were altered and are now tourist attractions rather than actual historic monuments - if you want a truly preserved section of the Wall, head over to the northern border of Mitte and Gesundbrunnen in the street Bernauer Straße and visit the 52.53513.38975 Berlin Wall Memorial , with a complete section of the wall in all its gloom.
1	77	0	93	A smaller section of the original wall can be seen from the S-Bahn when travelling between Nordbahnhof and Humbolthain stations.
0	78	0	93	A 160 km (99 mi) biking and walking trail along the former Berlin Wall, the Berliner Mauerweg (Berlin Wall Trail), is well sign-posted and provides alternating sections of historic importance and natural beauty.
0	78	0	93	As Berlin is a city of art, it is quite easy to find an art gallery on your way.
0	78	1	93	They provide a nice opportunity to have a look at modern artists' work in a not-so-crowded environment for free.
1	78	0	94	Some gallery streets with more than about a dozen galleries are Auguststraße, Linienstraße, Torstraße, Brunnenstraße (all Mitte, north of S-Bahn station Oranienburger Straße), Zimmerstraße (Kreuzberg, U-Bahn station Kochstraße) and Fasanenstraße (Charlottenburg).
0	79	0	94	You can find a list of all the exhibitions and gallery openings as well as a map on Berlin Art Grid[dead link].
0	79	0	94	Berlin has its fair share of tall buildings and, as the city is quite expansive and does not have one single centre where all tall buildings are located, you can enjoy a nice view from most of them, even ones that are not tall by global standards.
0	79	0	94	Most of the viewing points are spread out within the Berlin/Mitte district.
0	79	0	94	Germany's tallest construction, the 52.52083313.4094446 Fernsehturm (TV Tower), located on Alexanderplatz, is 368 m tall and the observation deck with bar and restaurant is at around 205 m.
1	79	1	94	Nearby, you can find the Park Inn Hotel with a small terrace on the 40th floor.
0	80	0	95	From there you have great views of the Fernsehturm.
0	80	0	95	Another viewing point in a modern building at 101 m is the Kollhoff Tower at Potsdamer Platz, which also features the fastest elevator in Europe.
0	80	0	95	One of the three most important historic buildings with viewing points is the Reichstagsgebäude, the building that is home to the German Parliament in Spreebogen / Regierungsviertel), with a spectacular glass dome, that offers a great view of Berlin.
0	80	0	95	The entry to the dome is free, but you need to book your place in advance.
0	80	0	95	When booking a place online, please note that you will receive up to three emails in the process: the first contains a link to creating a list of members for your group (you must click on this link to continue the process); the second contains a notice that your request has been received but not yet confirmed; the third email is the confirmation itself which you should bring (either as a printout or on your phone) on the day of your visit along with government-issued photo ID (i.e. passports for foreigners).
0	80	0	95	The famous 67 m tall monument 52.5145113.3501117 Siegessäule (Victory Column), once directly in front of the Reichstagsgebäude, but now located in the middle of the Straße des 17.
0	80	0	95	Juni in Tiergarten, has a viewing platform.
0	80	1	95	You can also climb on top of the Berliner Dom (Berlin Cathedral) in Berlin/Mitte on the Museumsinsel for a view of the city.
1	80	0	96	The viewing point that is located in a different district is the Funkturm (Radio Tower) in Westend.
0	81	0	96	It is a 150 m tall lattice tower with open-air observation deck 124 m above ground.
0	81	0	96	The only free viewing point is the one on the Reichstagsgebäude, the others range between €3-13.
0	81	0	96	Berlin has two zoos and an aquarium.
0	81	0	96	The 52.50833313.33758 Berlin Zoo in the west (Berlin/Mitte) is the historic zoo.
0	81	0	96	It's an oasis in the city and very popular with families and schools.
0	81	1	96	It has the largest range of species in the world and is famous for its pandas.
1	81	0	97	The Aquarium Berlin is the largest aquarium in Germany and part of the Berlin Zoo (can be visited separately).
0	82	0	97	It is near the Elephant Gate (Budapester Straße), one of the entrances to the zoo, and a traditional photo stop for most visitors because of the architecture.
0	82	0	97	The Tierpark Berlin in Friedrichsfelde (Berlin/East) is more spacious than the historic Berlin Zoo and has been open for some 50 years, dating to the era of partition when authorities in the East wanted to offer their people their own zoo.
0	82	1	97	The compound also includes a small château with its adjacent park.
0	82	0	98	The conspicuous pink and blue pipes that you see around Berlin are to carry groundwater from construction sites into the Spree river (or canals), and are used because the water table in Berlin is close to the surface (it is built on sandy, marshy ground).
0	82	0	98	The pink ones are by Pollems, while blue ones are by Brechtel or BL Wasserbau.
0	82	0	98	Pick up a copy of Exberliner, the English-language paper targeting expats and guests of Berlin to find out what's on, when and where.
0	82	1	98	It provides good quality journalism and up-to-date listings.
1	82	0	99	If you understand German, the activity planners for the city, zitty and tip, are available at every kiosk.
0	83	0	99	LGBT+/Queer themed magazine and guide Siegessäule is also one of the most prominent of its kind internationally.
0	83	0	99	Be prepared to choose among a huge number of options.
0	83	0	99	Go on a tour of Berlin.
0	83	0	99	The Mitte and surrounding districts are sufficiently compact to allow a number of excellent walking tours through its history-filled streets.
0	83	0	99	You'll see amazing things you would otherwise miss.
1	83	0	99	Details are usually available from the reception desks of hostels and hotels.
0	84	1	99	Berlin has many great parks which are very popular in the summer.
0	84	0	100	Green Berlin operates some of them.
0	84	0	100	Berlin's largest park is Großer Tiergarten (in Berlin/Mitte).
0	84	0	100	In the summer and on weekends you will see loads of families with their barbecues.
0	84	0	100	There are a few notable parks in Berlin/East Central.
0	84	0	100	Superb panoramic views across south Berlin can be had in Viktoriapark in Kreuzberg.
0	84	1	100	You'll also find a national monument by Schinkel on top of it.
0	84	0	101	Mauerpark is famous for the Bearpit Karaoke taking place every second Sunday in summer, and for the large flea market.
0	84	0	101	It's also a popular barbecuing spot.
0	84	0	101	Görlitzer Park has barbecue area, a football ground and a minigolf company.
0	84	0	101	Adjacent to Charlottenburg Palace in Berlin/City West is Schlossgarten Charlottenburg.
0	84	0	101	The green areas of the park are free, so you can go there to have a walk even if you are not interested in the palace.
0	84	0	101	A bit further afield with subway access in Berlin/East are the Gärten der Welt (World's Garden).
0	84	1	101	Inside you can find a large, well-established Chinese garden, a Korean garden, a small Bali's Garden/Glasshouse, an Oriental Garden with nice fountains and a cloister and a Japanese garden which is a project by the city partnership of Berlin and Tokyo.
1	84	0	102	Best time for a visit is in spring or summer.
0	85	0	102	A bit further afield in the opposite direction, in Berlin/Steglitz-Zehlendorf, is the Botanischer Garten und Botanisches Museum Berlin-Dahlem (Botanical Garden and Botanical Museum Berlin-Dahlem).
0	85	0	102	The large Treptower Park in Berlin/Treptow-Köpenick next to the Spree is nice and clean.
1	85	0	102	It's famous for the Insel der Jugend (Isle of Youth) and its numerous boat rentals and boat trips.
0	86	0	102	Berlin also has quite a few lakes and beaches suitable for swimming.
0	86	1	102	They quite often have one paid area with facilities, and frequent unmanaged places with free access.
1	86	0	103	Some have designated areas for nude bathing (FKK).
0	87	0	103	"Wannsee in Berlin/Steglitz-Zehlendorf is called Berlin's ""bath tub""."
0	87	0	103	The Strandbad Wannsee is the most famous bathing area for locals.
0	87	0	103	Take the S-Bahn lines S1 or S7 to the station Nikolassee and follow the crowd!
0	87	0	103	In the southeast of Berlin in Berlin/Treptow-Köpenick, you'll find the Müggelsee which is a popular swimming spot.
0	87	0	103	Berlin is arguably the live cultural centre of Germany.
0	87	1	103	As it had the cultural infrastructure of two major capitals during partition, there are theatres, operas and universities galore.
0	87	0	104	These are a drag on the empty municipal coffers and lead to complaints by people from other parts of Germany about subsidies, but they help keep one of the most vibrant cultural scenes in Europe alive.
0	87	0	104	A comprehensive platform that lists cultural events is offered by Berlin Bühnen on behalf of about 80 venues.
0	87	0	104	Berlin's notable cultural institutions for performed arts, both classical and modern, can mostly be found in Mitte and City West.
0	87	1	104	Even if you aren't going to see a play or concert, many the venues are architectonically impressive and as such attractions in themselves.
1	87	0	105	"On the theatre side, the ""grand old"" title might go to Deutsches Theater, a classical theatre with an impressive line up of actors and directors."
0	88	0	105	Overall, however, famous theatres in Berlin tend to have a more modern character.
0	88	0	105	The reputation of Berlin theaters that they go further in challenging the norms of the art form and are bolder in experimentation than those in smaller cities dates back at least to the 1920s when names like Bert Brecht created an entirely new theater-going experience.
0	88	0	105	While this approach was cut tragically short by the Nazis, it is now vibrant again as it was a century ago.
0	88	0	105	Theaters with a modern approach include the Berliner Ensemble, the Maxim Gorki Theater, the sometimes controversial Volksbühne am Rosa Luxemburg Platz[dead link], the Schaubühne am Lehniner Platz as well as the Theater am Kurfürstendamm with TV celebrities in modern plays.
0	88	0	105	The city also has an English theatre in East Central Berlin, if you prefer performances in English.
0	88	0	105	Some theatre venues are known for their musicals: the historical Theater des Westens, the Theater am Potsdamer Platz, and the Friedrichstadt-Palast, which focuses on revue type shows and offers Berlin's biggest show with over 100 artists on the biggest theatre stage in the world.
0	88	0	105	Fans of opera have several places to choose from.
1	88	0	105	The main classical opera houses are Deutsche Oper, and Staatsoper Unter den Linden whose impressive building and royal history make the building alone worth a visit.
0	89	0	105	For more modern operas, head to Komische Oper Berlin, Schiller Theater or Neuköllner Oper, voted several times best off-opera house and known for its modern and contemporary pieces.
0	89	0	105	Mostly in German as usually relating to developments in Germany, and very creative and innovative.
0	89	0	105	Berliner Philharmoniker is a large concert hall designed by Hans Scharoun and home of the Berlin Philharmonic Orchestra.
0	89	1	105	Famous building and outstanding musicians.
0	89	0	106	Reservations are recommended, but cheaper tickets are usually available 2–4 hr before the concert if not sold out.
0	89	0	106	Every Tuesday (September to June) 13:00-14:00 free lunch concert; come early.
0	89	0	106	In the winter, late-night concerts (22:30 or 23:00) are a bargain and often have more avant-garde or unconventional formats.
0	89	0	106	The adjacent Kammermusiksaal (Chamber Music Hall) was added later and hosts smaller concerts.
0	89	0	106	Other places to enjoy classical music include Konzerthaus Berlin and Hochschule für Musik Hanns Eisler (HfM).
0	89	1	106	The HfM (Berlin Academy of Music) offers many concerts by their students and other professional musicians, most of them are free.
1	89	1	107	There are about a hundred cinemas in Berlin, although most of them only show movies dubbed in German, without subtitles.
1	90	0	108	"Listed below are some of the more important cinemas also showing movies in the original language (look for the OmU - ""original with subtitles"" - notation)."
0	91	0	108	Most movies which are dubbed into German are released a bit later in Germany.
0	91	0	108	Tickets are normally €5-7.
0	91	0	108	Monday to Wednesday are special cinema days with reduced admission.
0	91	0	108	There are three notable cinemas in Kreuzberg in Berlin/East Central within close proximity.
0	91	0	108	Babylon Kreuzberg, a small cinema built in the 1950s, which shows non-mainstream movies.
0	91	0	108	Kino Moviemento which is the oldest cinema in Germany (1907).
0	91	0	108	In Berlin/Mitte near Hackesche
0	91	1	108	Höfe there is Kino Central, a repertory cinema located in an ex-squat, and Filmtheater Hackesche
1	91	0	109	Höfe showing a very broad range of movies.
0	92	0	109	Kant Kino in Berlin/City West is one of the few old cinemas (founded 1912) left in Berlin's western city.
0	92	0	109	It shows mostly non-mainstream European movies.
0	92	1	109	In Berlin, nearly all sports are on offer; some speculate that the lukewarm support Hertha enjoys even in times of success is due to the huge offer of other sports (similar to how Los Angeles failed to maintain an NFL team due to the diverse cultural offerings):
1	92	0	110	Universities in Berlin
0	93	0	110	Berlin has three major universities, and one art university.
0	93	0	110	Freie Universität was founded after World War II in West Berlin and today the city's largest university by number of students.
0	93	0	110	"Its name (literally ""Free University"") refers to the ideological conflict during the Cold War."
0	93	0	110	Humboldt Universität is the oldest university in Berlin with an impressive record of alumni and professors – Albert Einstein, G.W.F. Hegel, Karl Marx and Friedrich Engels, to name but a few.
0	93	0	110	During the Cold War it was the main university in East Berlin and after reunification there have been efforts to reinstate its former glory.
1	93	0	110	The Technische Universität was founded in 1879 as Technische Hochschule Berlin with a good reputation for its research.
0	94	0	110	The Universität der Künste Berlin is one of the largest institutions of music and arts in the world.
0	94	0	110	This institution was for the most time of its existence called Hochschule der Künste, and you can still find the abbreviation HDK in the logo on some buildings.
0	94	1	110	The German capital naturally has some good options for learning the language:
1	94	0	111	The current economic climate is stable but to find work in Berlin is not easy.
0	95	0	111	A sound level of German improves your chance as only a few multinational companies are present in Berlin.
0	95	1	111	Any kind of skills (especially language) that separates you from the masses will definitely improve your chances for a job.
0	95	0	112	"Berlin has a lower GDP per capita than the German average, but slowly but surely new startups founded in Berlin are becoming bigger and bigger players and some companies have decided to open representative headquarters in Berlin following reunification - most notably Siemens, a company founded and intimately linked with Berlin that had most of its production and even de facto headquarters in Erlangen and Munich during partition but is to reoccupy ""Siemensstadt"" (a part of Berlin/Spandau) with a railway line built in the 1920s to serve Siemens to be reactivated."
0	95	0	112	If you have an academic background then teaching English (Spanish, French and Latin are good, too) or private tutoring (e.g. math) for pupils is always a possibility as Berlin is a young city and education is in strong demand.
0	95	0	112	Otherwise working in a bar might be an option but it'll be tough, because wages are low and big tips are uncommon.
0	95	0	112	"Chances are much better when big trade fairs (e.g. ""Grüne Woche"", bread & butter or ITB) or conventions take place so apply at temp and trade fair agencies."
0	95	0	112	The hospitality industry and call centres are constantly hiring but wages are very low unless you can offer special skills (such as exotic languages) or background.
0	95	0	112	Berlin has a growing media, modelling and TV/movie industry.
0	95	0	112	For daily soaps, telenovelas and movies most companies look for people with something specific.
0	95	0	112	Apply at the bigger casting and acting agencies.
0	95	1	112	For English-language jobs, if might be worth checking out the classified ads of this monthly magazine for English-speakers, Exberliner.
0	95	0	113	The main shopping areas are:
0	95	0	113	The main shopping area for the alternative, but still wealthy crowd is north of Hackescher Markt in Berlin/Mitte, especially around the Hackesche Höfe.
0	95	0	113	For some more affordable but still very fashionable shopping there is Prenzlauer Berg, Kreuzberg and Friedrichshain in Berlin/East Central with a lot of young designers opening shops, but also lots of record stores and design shops.
0	95	1	113	Constant change makes it hard to recommend a place, but the area around station Eberswalder Straße in Prenzlauer Berg, around Bergmannstraße and Oranienstraße in Kreuzberg and around Boxhagener Platz in Friedrichshain are always great when it comes to shopping.
1	95	0	114	For souvenirs, have a look just in front of the Kaiser Wilhelm Gedächtniskirche (Berlin/City West); these shops sell almost the same items as others, but are cheaper.
0	96	0	114	However, not all members of staff speak English.
0	96	0	114	You can also get cheap postcards there (from €0.30 while the average price for normal postcard is €0.50-0.80).
0	96	0	114	There are four market halls selling fresh produce and ready-to-eat food.
0	96	1	114	Marheinecke Markthalle and Markthalle Neun are both in Kreuzberg (Berlin/East Central), Arminiusmarkthalle is in Moabit (Berlin/City West), and Markthalle Tegel is in Tegel (Berlin/Reinickendorf and Spandau).
0	96	0	115	You can find dozens of flea markets with different themes in Berlin (mostly on weekends), but worth checking out is the big one at Straße des 17.
0	96	0	115	Juni (between Ernst-Reuter-Haus and S-Bahn: Tiergarten).
0	96	1	115	Two other flea markets are at Mauerpark in Prenzlauer Berg (Berlin/East Central) and at Arkonaplatz (Berlin/Mitte), which is close to Mauerpark.
1	96	0	116	Both are on Sundays, so you can combine visiting them.
0	97	0	116	Shopping hours are theoretically unlimited on weekdays.
0	97	0	116	Nevertheless, many of the smaller shops still close at 20:00.
0	97	0	116	Most of the bigger stores and nearly all of the malls are open until 21:00 or 22:00 from Thursday to Saturday.
0	97	0	116	Sunday opening is still limited to about a dozen weekends per year, although some supermarkets in train stations (Hauptbahnhof, Bahnhof Zoologischer Garten (under the S-Bahn bridge), Friedrichstraße, Innsbrucker Platz (U4 in the underground) and Ostbahnhof) are open on Sundays.
0	97	1	116	"Many bakeries and small food stores (called Spätkauf or colloquially ""Späti"") are open late at night and on Sundays in more gentrified neighbourhoods (especially Prenzlauer Berg, Kreuzberg and Friedrichshain)."
1	97	0	117	Stores inside the Hauptbahnhof (central station) have long working hours (usually until about 22:00-23:00), also on Sundays.
0	98	0	117	Although credit card and VISA/Mastercard-branded debit card acceptance is becoming more common, many stores still take only cash.
0	98	0	117	Most places in tourist zones will accept credit cards, but it is still a good idea to ask in advance if you intend to pay with one.
0	98	0	117	Many restaurants require a minimum check amount, sometimes in excess of €30.
0	98	0	117	For Americans, Germany uses the chip-and-pin system so you may have trouble at places like unattended gas stations and automated ticket machines.
0	98	0	117	Often, a cashier will be able to swipe the magnetic strip, but don't be surprised if someone refuses your credit card because it doesn't have a chip.
0	98	1	117	If possible, contact your card issuer before leaving home to see if they can replace your existing card with one that has a chip.
1	98	0	118	Ich bin ein Berliner
0	99	0	118	in some parts of Germany - but not Berlin, jelly doughnuts are known as Berliner, but in Berlin, they're called Pfannkuchen.
0	99	0	118	"This in turn means ""pancake"" almost everywhere else, so if you want a pancake in Berlin, you have to ask for Eierkuchen."
1	99	0	118	Confused yet?
0	100	1	118	Lovers of street food rejoice!
1	100	0	119	Berlin has an incredibly wide variety of different styles and tastes at very affordable prices (for European wallets, that is).
0	101	0	119	You can find superb food in small stalls tucked away under the tracks of elevated U-Bahn stretches for well under five euros.
0	101	0	119	A staple in Berlin is currywurst for around €3 (April 2022).
0	101	0	119	It's a bratwurst covered in ketchup and curry powder.
0	101	0	119	You can find them all over Berlin by street vendors.
0	101	0	119	It's a must try when in Berlin.
0	101	1	119	"Two renowned currywurst stands are ""Konnopke's Imbiss"" below Eberswalder Straße U-Bahn station on line 2 and ""Curry 36"" opposite the Mehringdamm U-Bahn station in Kreuzberg (only two stops south of Checkpoint Charlie)."
0	101	0	120	Both of these offer far friendlier service than many of Berlin's more upmarket eateries.
0	101	0	120	Another famous thing to eat in Berlin is döner for around €6 (April 2023), a flat bread filled with lamb or chicken meat and vegetables, available at many Turkish stands.
0	101	0	120	Berlin may seem like carnivore heaven, but vegetarians and vegans can eat quite well.
0	101	0	120	Berliners are generally environmentally conscious, and that extends to their food; most of the inner neighbourhoods have a handful of good healthy vegetarian or vegan restaurants using local ingredients, though they tend to be more expensive than the ubiquitous kebab and sausage stands.
0	101	0	120	If you're a vegetarian on a limited budget, many kebab restaurants have a good selection of roasted vegetables and salads, and you can usually get falafels (fried chickpea balls, suitable for vegans) and halloumi (a type of dense cheese) in place of meat.
0	101	1	120	Eating out in Berlin is incredibly inexpensive compared to any other Western European capital or other German cities.
1	101	0	121	The city is multicultural and many cultures' cuisines are represented here somewhere, although they are often modified to suit German tastes.
0	102	0	121	All prices must include VAT by law.
0	102	0	121	Only upmarket restaurants may ask for a further service surcharge.
1	102	0	121	It is best to ask if credit cards are accepted before you sit down—it's not that common to accept credit cards and cash is preferred.
0	103	0	121	Most likely to be accepted are Visa and MasterCard; all other cards will only be accepted in some upmarket restaurants.
0	103	0	121	European debit cards are not always accepted because due to debit card fraud, some processing companies stopped intra-European cards from specific countries.
0	103	1	121	This does not apply to debit cards that are from German banks.
0	103	0	122	Better have cash or ask the restaurant staff.
0	103	0	122	One of the main tourist areas for eating out is Hackescher Markt/Oranienburger Straße.
0	103	0	122	This area has dramatically changed during the years: once full of squats and not-entirely-legal bars and restaurants, it had some real character.
0	103	1	122	"It is rapidly being developed and corporatised, and even the most famous squat - the former Jewish-owned proto-shopping mall ""Tacheles"" - has had a bit of a facelift."
1	103	0	123	"There are still some gems in the side streets, though, The ""Assel"" (Woodlouse) on Oranienburger Straße, furnished with DDR-era furniture, is still relatively authentic and worth a visit, especially on a warm summer night."
0	104	0	123	Oranienburger Straße is also an area where prostitutes line up at night, but don't be put off by this.
0	104	0	123	The area is actually very safe since several administrative and religious buildings are located here.
0	104	0	123	For cheap and good food (especially from Turkey and the Middle East) you should try Kreuzberg and Neukölln with their abundance of Indian, pizza and Döner Kebap restaurants.
0	104	0	123	Prices start from €2 for a kebab or Turkish pizza (different from the original Italian recipe and ingredients).
0	104	0	123	If you are looking for a quick meal you could try getting off at Görlitzer Bahnhof or Schlesisches Tor on the U1 line - the area is filled with inexpensive, quality restaurants.
0	104	1	123	Kastanienallee is a good choice too - but again not what it used to be since the developers moved in (much less exploited than Hackescher Markt, though).
0	104	0	124	It's a popular area with artists and students and has a certain Bohemian charm.
0	104	0	124	Try Imbiss W, at the corner of Zionskirchstraße and Kastanienallee, where they serve superb Indian fusion food, mostly vegetarian, at the hands of artist-chef Gordon W. Further.
0	104	0	124	Up the street is the Prater Garten, Berlin's oldest beer garden and an excellent place in the summer.
0	104	0	124	All restaurant information is in the corresponding borough articles of
0	104	1	124	Except at very high-end restaurants, nobody will seat you.
1	104	0	125	If you see an open table, just sit down.
0	105	0	125	You may need to go get a menu yourself from another table or a pile near the cash register.
0	105	0	125	If you sit outside, expect slightly slower service.
0	105	1	125	As in most European countries, you need to tell the waiter when you want to pay and leave.
1	105	0	126	The waiter will come to you usually with a money purse, and the custom in Germany is to tell the waiter how much you're paying (including the tip) when you receive the bill — don't leave the money on the table.
0	106	0	126	If there is confusion with the tip, remember to ask for your change, Wechselgeld (money back).
0	106	0	126	Add a 5-10% tip (or round up to the next Euro) to the bill if you are satisfied with the service.
0	106	0	126	If you received shoddy service or are otherwise unsatisfied it is perfectly acceptable to not tip at all - waiters and waitresses have the same hourly minimum wage any other job has, so they don't depend on tips as the biggest part of their salary like in the US.
0	106	0	126	It is very common to go out for breakfast or brunch (long breakfast and lunch, all you can eat buffet, usually from 10:00-16:00, for €4-12 - sometimes including coffee, tea or juice).
0	106	0	126	See the district pages of Berlin/City West#Breakfast and Berlin/East Central#Eat.
0	106	0	126	A word of warning: Berlin's famous laissez-faire attitude is perhaps most evident in its approach to indoor smoking.
0	106	0	126	Although smoking is prohibited in all but the smallest bars, you should assume that everywhere you go out, if no food is being served, will be quite smoky.
0	106	0	126	This is also the case at clubs and large concert venues.
1	106	0	126	If you have any medical issues, then you should be prepared, and either change your plans or bring a well-fitting mask.
0	107	0	126	If not sure, call the venue and ask.
0	107	1	126	The club scene in Berlin is one of the biggest and most progressive in Europe.
1	107	0	127	Even though there are some 200 clubs in the city, it's sometimes difficult to find the right club for you since the best ones are a bit off the beaten track and most bouncers will keep bigger tourist groups out.
0	108	0	127	If you want to go clubbing, you will almost always have to pay an entrance fee.
0	108	0	127	While admission to clubs was considered cheap for many years after the fall of the Berlin Wall compared to other German and European cities, the cover charge is €20 and more in the 2020s (usually no drink included).
0	108	0	127	"The main clubbing districts are in the east: Mitte (around Alexanderplatz and Köpenicker Straße), Friedrichshain (the ""techno strip"" along the Spree river), and Kreuzberg (around Schlesisches Tor)."
0	108	0	127	In once legendary Prenzlauer Berg almost all clubs have disappeared due to gentrification since the 2000s, while it still has many trendy bars and cafés.
0	108	1	127	A few mainstream clubs are also located in Charlottenburg and at Potsdamer Platz.
1	108	0	128	Techno is still the biggest sound in Berlin, with lots of progressive DJs and live acts around.
0	109	0	128	But there are also many clubs playing '60s beat, alternative rock and of course mainstream music.
0	109	0	128	Clubbing days are Thursday, Friday and especially Saturday, but some clubs are open every day of the week.
0	109	0	128	On weekends partying in Berlin starts between 22:00 and midnight and peaks around 02:00 or 03:00 in many clubs.
0	109	0	128	Berlin is known for its long parties, some going on until Sunday evening, a few also until Monday evening.
1	109	0	128	In regard to electronic music, you can check Resident Advisor for the best parties before you go out.
0	110	1	128	Berliners -especially young Berliners- love cocktails.
1	110	0	129	People like to meet their friends at a cocktail bar before going clubbing.
0	111	0	129	Prenzlauer Berg (Around U-Bahnhof Eberswalder Str., Helmholtzplatz, Oderberger Straße and Kastanienallee), Kreuzberg (Bergmannstraße, Oranienstraße and the area around Görlitzer Park and U-Bahnhof Schlesisches Tor), Schöneberg (Goltzstraße, Nollendorfplatz, Motzstraße for gays), and Friedrichshain (Simon-Dach-Straße and around Boxhagener Platz) are the main areas.
0	111	0	129	Some bars charge a small refundable deposit for glasses - you are given a token with your drink to return (with your glass) to the bar.
0	111	0	129	At Warschauer Straße (which you can reach via S-Bahn and U-Bahn station Warschauer Straße) and more specifically Simon-Dach-Straße and around Boxhagener Platz you can find a wide variety of bars.
0	111	0	129	It is common for locals to meet at Warschauer to go to a bar there.
0	111	0	129	"Also Ostkreuz (""Eastcross"") and Frankfurter Allee are well known meeting points."
0	111	1	129	"Especially to visit the alternative (""underground-/left-szene"") locations in houseprojects (so called squats), like the Supamolly at Jessnerstreet (Traveplatz), the Scharni38 (Scharnweberstreet) and so on, or clubs on the R.A.W. compound at Revaler Straße."
1	111	0	130	There are lots of Irish bars all over the city, as there are in all European cities.
0	112	0	130	If you like off-the-shelf Irish bars or watching football in English then you won't be disappointed, but in a city with new cool bars opening pretty much daily and a huge range from which to choose, you'll find that these cater mostly to the Irish construction workers and Germans attracted by Irish music, which is often played in them.
0	112	0	130	The Irish pub in the Europa Center at Tauentzienstraße is famous.
0	112	0	130	Located in the basement of a skyscraper, you will find a big Irish pub and a rowdy crowd on the weekend.
0	112	0	130	It also claims to have the longest bar in all of Berlin!
0	112	0	130	There aren't as many illegal bars as there were in the 1990s but bars open and close faster than you can keep up - check out the bar and cocktail guides in the bi-weekly magazines Tip or Zitty.
0	112	0	130	For recommended bars, have a look at the district pages.
0	112	1	130	There are well over 1000 rock concerts a year in Berlin.
1	112	0	131	You can find concerts in the big known locations but there are also many interesting little venues.
0	113	0	131	You can find a good overview of the current concerts on the Ma Baker concert page[dead link].
0	113	0	131	Every day the concerts are updated and displayed there.
0	113	0	131	A Brauhaus (brewery) brews and sells its own beer on the premises.
0	113	0	131	There is usually a public viewing area onto the brewery.
0	113	0	131	Try Gaffel Haus[dead link], Brauhaus Georgbraeu[dead link], Brauhaus Mitte[dead link], Brauhaus Spandau and Brauhaus Lemke[dead link].
0	113	0	131	Cafe Einstein is one particular example of a home grown coffee chain which has nice staff, great coffee and is fairly priced.
0	113	0	131	"In particular, the Einstein on Unter den Linden is as far from ""junk coffee"" as it's possible to be."
0	113	0	131	"If you want to get some tap water, ask for ""Leitungswasser"" (if you just say ""water"" (Wasser), you will receive mineral water.)"
0	113	0	131	This is common if you drink coffee.
0	113	0	131	They should not charge you for it but you should order another drink as well.
0	113	1	131	Kiosks (off licences) can be found all over the city and sell bottled beers and other drinks.
0	113	0	132	A kiosk will generally have a bottle opener on the counter and it is permitted to drink alcohol in the street.
0	113	0	132	A refundable deposit of 8 to 25 cents per container (Pfand) is charged on plastic and glass bottles.
0	113	0	132	Berlin is still witnessing a construction boom of hotels and offices since the end of the Cold War.
0	113	1	132	The boom leads to a significant oversupply of hotels which results in comparatively cheap prices even in the 5 star category (off-season prices of €110 per night are not unusual).
1	113	0	133	Especially for a short visit, it may be best to stay at a place in Berlin-Mitte (around Friedrichstraße), as most of the main sights are located there.
0	114	0	133	Due to its history most hotels in Berlin are still located in the City West (i.e. Charlottenburg-Wilmersdorf), especially close to Zoo station.
0	114	0	133	Alexanderplatz and Anhalter Bahnhof have clusters of 2-3 star budget hotels (i.e. Ibis, Motel One).
0	114	0	133	You'll find only budget hotels (Motel One and Meininger) located directly at the new main train station but some large constructions are in progress.
0	114	0	133	The (oddly named) budget hotel chain 'Motel-One' operates various 2-star hotels in the city centre.
0	114	0	133	There are also many 3-4 star 'NH Hotels' offering good value.
0	114	1	133	All major hotel chains are present in Berlin.
1	114	0	134	A good idea to check that the hotel is close to public transport (U-Bahn or S-Bahn) to avoid too long walks.
0	115	0	134	Cheapest are youth hostels (called Jugendherbergen, only for members) and hostels (similar to youth hostels, but for everyone, mostly backpackers stay here, usually in one to 32-bed rooms).
0	115	0	134	You will also find bed and breakfast offers (often private) and boarding houses (Pension, more familiar and smaller than hotels).
0	115	0	134	The majority of private flats on platforms like AirBnB are offered illegally in Berlin and contribute to the ongoing housing crisis.
0	115	0	134	Try to choose your accommodation responsibly!
0	115	0	134	Check the district pages for individual accommodation listings.
0	115	1	134	Popular hotel districts include:
0	115	0	135	You may find accommodation at reasonable prices in almost any district of Berlin, but be mindful of the time it may take to get from that place to where you want to visit, as Berlin is a very large city.
0	115	0	135	You can find internet cafes and telephone shops all around Berlin.
0	115	1	135	Do a bit of research with the telephone shops because most focus on a particular region in the world.
1	115	0	136	Many bars, restaurants and cafes offer their guests free wi-fi.
0	116	0	136	Customers of the ubiquitous Einstein Coffee get 30 minutes of free wifi.
0	116	0	136	Metro (U-Bahn) stations offer free wi-fi to everybody: BVG Wi-Fi.
0	116	0	136	The mobile network (3G/GPRS/GSM) covers the whole city.
0	116	1	136	If you are coming from a non-GSM country (e.g. the United States) check your mobile phone for GSM compatibility.
1	116	0	137	"United States carrier Verizon, for example, will advertise phones that work on GSM networks as ""World Devices."""
0	117	0	137	In general, however, any iPhone model from iPhone 6s onwards will support both CDMA and GSM, and will work perfectly in Berlin.
0	117	0	137	A free wireless network covers parts of Berlin, but requires special software on your computer.
0	117	0	137	More information including maps of Berlin with coverage is available online.
0	117	0	137	Berlin might be a safe place, but it is a huge city, and as such has some not-so-well maintained areas.
0	117	0	137	No specific rules apply with the exception of public transportation and tourist areas where pickpockets are a problem.
0	117	1	137	Watch your bags during rush hours, at larger train stations (with the central, Warschauer, and Revaler stations being notoriously sketchy at night).
1	117	0	138	The police in Berlin are competent, not corrupt; therefore, if you try to bribe them you are likely to spend at least a night behind bars to check your background.
0	118	0	138	They are generally helpful to tourists.
0	118	0	138	Most of the officers are able to speak English, so don't hesitate to approach them if you are frightened or lost.
0	118	1	138	"Police are generally more relaxed than in more conservative places like Munich and do not necessarily engage in a ""zero tolerance"" policy (but even then blatantly smoking a joint in front of police will land you in trouble even in Berlin)."
1	118	0	139	In general police will focus on crime and traffic safety rather than petty misdemeanors or drunken tourists unless things get out of hand.
0	119	0	139	The nationwide emergency numbers are
0	119	0	139	Since the 1980s, there have been localised riots on Labour Day (May 1).
0	119	0	139	In general they take place in Kreuzberg around Oranienstraße/Mariannenplatz.
1	119	0	139	Nowadays they usually start the night before May 1, especially in the Mauerpark (Prenzlauer Berg), at Boxhagener Platz and in Rigaer Str. (Friedrichshain) and start again in the evening of May 1 in Kreuzberg and in the mentioned areas.
0	120	0	139	"The violent riots have become rather small since 2005 due to the engagement of the citizens who celebrate the Labour Day with a nice ""myfest"" in Kreuzberg and well-planned police efforts."
0	120	0	139	It is still better to stay out of these areas from 20:00 until sunrise.
0	120	0	139	Vehicles should not be parked in these area as this is asking for damage!
0	120	0	139	Racially-motivated violence is rare but the risk is higher on the outskirts of East Berlin.
0	120	1	139	It is recommended for non-white tourists to be attentive in areas such as Lichtenberg, Hellersdorf, Marzahn, Treptow and Köpenick in the evening/night especially if alone.
1	120	0	140	In the bordering neighbourhood of the districts Neukölln and Kreuzberg (between Hermannplatz, Schönleinstraße to Kottbusser Tor) and Wedding (Moabit and Gesundbrunnen) the risk of falling victim to robberies and assaults is higher.
0	121	0	140	Tourists should visit these areas with some caution during the night as a mixture of drunken party people and poor neighbourhoods might lead to trouble.
0	121	0	140	National media and conservative politicians like to make a huge story out of certain well known drug dealing hot spots.
0	121	0	140	Areas such as Görlitzer Park are well known for all sorts of illicit substances being on offer, but if you don't sell or buy this shouldn't preoccupy you.
0	121	1	140	Despite media portrayals to the contrary, police do frequently raid those places and try to catch drug dealers, but only a small handful are usually caught as they have developed certain measures to evade capture.
1	121	0	141	Organized criminality does exist, but in general they try to focus on less violent activity in Germany and hardly ever target outsiders.
0	122	0	141	Although harmless, panhandlers have started to beg at local tourist spots such as Pariser Platz next to the Brandenburg Gate, Alexanderplatz and the Museuminsel.
0	122	0	141	They are usually women accompanied by their daughters who ask if you speak English and say that they are from the new EU countries and trying to raise money to fly home.
0	122	0	141	The story is false, so don't give them money, which would encourage further exploitation of the women and their kids.
0	122	0	141	"They also have a new tactic where they hand you a card telling their ""story"" and asking for money; beware that the children that they carry in their arms will search through your bags while you are reading the card."
0	122	1	141	"The best way to avoid this is simply to ignore them and not to respond when they ask you ""Speak English?"""
0	122	0	142	If you feel scared, don't hesitate to contact the police, as they will help.
0	122	0	142	Prostitution is a legal business in Germany.
0	122	0	142	Berlin has no major red-light district though some big brothels have been built.
0	122	0	142	"Berlin has no restricted areas for prostitutes (called a ""Sperrbezirk"" in German) so the ""apartments"" or brothels are spread throughout the whole city."
0	122	0	142	Oranienburger Straße in Mitte is infamous for its prostitutes at night.
0	122	0	142	These women are a tourist attraction and the ladies focus only on tourists to request exorbitant prices.
0	122	0	142	The proximity to Eastern Europe, relaxed visa rules, and the illegal migrant community increase the number of prostitutes.
0	122	1	142	Advertisements are in the tabloids and online.
1	122	0	143	Human trafficking and illegal immigration is a problem; therefore, police raids do take place and close down illegal operations.
0	123	0	143	Brothels and prostitutes must register just like any other businesses, or they will be prosecuted for tax evasion.
0	123	0	143	In general, police officers are not interested in the clients (especially if you stay calm and don't try to argue) but you must have a photo ID (a photocopy of your passport is fine) with you.
0	123	0	143	Otherwise, you might spend a night at the police station while your background gets checked.
0	123	0	143	Berlin is home to Charité, perhaps one of the world's most famous hospitals, former workplace of medicine legends like Robert Koch, Rudolf Virchow, Emil von Behring or Emil Fischer and current place of employment of Christian Drosten, a world renowned expert on Coronaviruses.
0	123	0	143	Berlin has a large number of public libraries throughout the city.
0	123	0	143	One of the largest is the Amerika-Gedenkbibliothek (America Memorial Library) on Blücherplatz 1.
0	123	0	143	Some people from Berlin would ask you why you would ever want to leave, but there are a couple of nice places in close proximity—some even within reach of the Berlin S-Bahn.
0	123	0	143	Outside a thin ring of suburbs (compared to most other European metropolises), Brandenburg is mostly rural so a short drive will get you right into picturesque nature.
0	123	0	143	"Berliners call this area ""JWD"" (pronounced yott vay day), short for ""janz weit draußen"", that is ""in the back of beyond""."
0	123	0	143	Brandenburg and Berlin cooperate in many facets of regional planning and the boundary between the two is not always easy to make out.
0	123	0	143	"Part of that cooperation is a plan to (in theory) focus development along a ""star-shaped"" net of rail lines heading towards Berlin."
0	123	0	143	The motorway Raststätte Grunewald at the S-Bahn station Nikolassee is a good spot for hitching if you're heading south or west.
0	123	0	143	The Polish border is just some 90 km to the east of Berlin, therefore it might be interesting to do a trip:
0	123	0	143	Berlin has ultra-low-cost flights to many European countries, to Morocco, Georgia and Israel.
0	123	0	143	(updated April 2022)
