boundary-coarse	segment-coarse	boundary-fine	segment-fine	sentence
0	1	0	1	Sydney is the Harbour City, and is the oldest and most cosmopolitan city in Australia with an enviable reputation as one of the world's most beautiful and livable cities.
0	1	0	1	Brimming with history, nature, culture, art, fashion, cuisine and design, it is set next to miles of ocean coastline and sandy surf beaches.
0	1	0	1	The city is also home to the Sydney Opera House and the Sydney Harbour Bridge, two of the most iconic structures on the planet.
0	1	1	1	The gateway to Australia, it lies on the deepest natural harbour in the world and stretches for 140 kilometres.
0	1	0	2	Sydney is a major global city and an important finance centre in the Asia-Pacific region.
0	1	0	2	The city is surrounded by nature and national parks, which extend through the suburbs and right to the shores of the harbour.
0	1	0	2	Sydney has a compact city core surrounded by sprawling suburbs, forming a vast metropolitan area.
0	1	1	2	The city central is shaped roughly like a stubby palm-up left hand: the heel of the thumb as City South, the thumb as the district Darling Harbour, the first finger as The Rocks, the palm with the second and third fingers as City Centre - CBD and the rest as City East.
0	1	0	3	Greater Sydney, the sprawling suburbs in the vast city metropolitan area surrounding Central Sydney spread for up to 150 km westward from the CBD.
1	1	0	3	The traveller visiting the suburbs will find less crowded beaches, parks, cheaper shopping, commercial centres, cultural festivals, hidden gems and the many national parks within the metropolitan area.
0	2	0	3	While originally settled 60,000 years ago, Sydney is the oldest European settlement in Australia, having been established as a British penal colony on 26 January 1788 by Arthur Phillip.
0	2	0	3	This day is now celebrated as Australia Day to mark the establishment of a new nation, although also regarded by many as Invasion Day that marked the beginning of the British appropriation of Aboriginal land.
0	2	1	3	"The settlement was named ""Sydney"" after Thomas Townshend, 1st Viscount Sydney, who was the British Home Secretary at that time."
0	2	0	4	Sydney is one of the most cosmopolitan cities on the planet, with a bit less than one third of its population born overseas.
0	2	0	4	European settlement rapidly displaced the Aboriginal people of the Sydney area with colonists largely coming from England, Ireland and Scotland.
0	2	0	4	The Australian gold rush attracted more immigrants, including a significant number of Chinese, with about one in six Australians with convict descent also having some Chinese ancestry.
0	2	0	4	In the early 20th century, Sydney continued to attract immigrants - mostly from the UK and Ireland, with the White Australia Policy preventing non-European peoples (and even Southern Europeans) from settling.
0	2	0	4	Australia's immigration patterns, and consequently, that of Sydney, changed significantly after World War II, when migrants began to arrive from countries as diverse as Italy, Greece, Germany, the Netherlands, China, New Zealand, India, the Philippines, Poland, Lebanon, Iraq, Vietnam, Thailand, South Africa and the Pacific Islands.
1	2	1	4	Sydney's culture, food and general outlook well reflect these contributions to the majority Anglo-Celtic institutions and social establishment.
0	3	0	5	Sydney is recognised worldwide for its vibrant LGBT community.
0	3	0	5	Every year, the Sydney Gay and Lesbian Mardi Gras is celebrated on the first weekend in March, drawing people from all over Australia and the world for the celebrations.
0	3	0	5	"Sydney was the centre of the world's attention in September 2000 when the city hosted the Summer Olympics - announced by the IOC Chairman at the closing ceremony to be ""the best games ever""."
0	3	1	5	The Olympics saw a major building and renovation program take hold of Sydney, positioning it as one of the great world cities of the 21st century.
0	3	0	6	Sydney enjoys over 300 sunny days each year, and it's a year-round destination.
0	3	0	6	Avoid the hottest days for energetic outside activities.
0	3	0	6	Sydney's Western Suburbs, which lie away from the coast, tend to be hotter during the day, colder during the night and not receive as much rain.
0	3	0	6	They miss the afternoon sea breezes and the night-time warming effect of the ocean.
0	3	0	6	Most public buildings like shopping centres are climate controlled inside.
0	3	0	6	Sydney has a fascination with year-round alfresco dining, where you can find yourself dining mid-winter outdoors with a heater a few tables away.
0	3	0	6	Around 90% of public transport has heating and cooling.
0	3	0	6	For the other 10% climate control consists of an open window.
1	3	1	6	Carry water on a hot day.
0	4	0	7	Sydney climate and weather information is available online at the Australian Bureau of Meteorology.
0	4	0	7	Sydney’s skyline is large and widely recognisable.
0	4	0	7	Sydney also possesses a wide diversity of modern and old architectural styles.
0	4	0	7	They range from the simple Francis Greenway's Georgian buildings to Jorn Utzon’s Expressionist Sydney Opera House.
0	4	0	7	Sydney also has many Victorian buildings, such as the Sydney Town Hall and the Queen Victoria Building.
0	4	0	7	The most architecturally significant structures include the Sydney Opera House and the Sydney Harbour Bridge.
0	4	0	7	Skyscrapers in Sydney are also large and modern.
1	4	1	7	The tallest building is the 300-m-tall Sydney Tower, seen rising clearly above the rest of the Sydney skyline and can even be seen from distant Wentworthville.
0	5	0	8	There are also pockets of architecturally significant housing dotted around Sydney's suburbs.
0	5	0	8	The inner-eastern suburb of Paddington is known for its terrace houses, while several inner-west suburbs contain streets lined with so-called federation houses (built around the time of Australian federation in 1901).
0	5	0	8	A well preserved example of federation houses in Sydney is in the Inner West suburb of Burwood.
0	5	0	8	Appian Way is a circular street built around a lawn tennis courts complete with pavilion house.
0	5	0	8	The large houses are all architecturally unique and built on large expanses of land featuring old trees and lovely gardens.
1	5	1	8	Further away on the lower North Shore, Castlecrag is a unique suburb, being planned by the architect Walter Burley Griffin in the 1930s.
0	6	0	9	Sydney Kingsford Smith International Airport (SYD IATA) is Australia's busiest airport and the main gateway to eastern Australia.
0	6	0	9	It is 9 km from the City centre in Southern Sydney on the northern shores of Botany Bay.
0	6	0	9	Sydney Airport is the oldest continually operated commercial airport anywhere in the world.
0	6	0	9	There are direct flights to Sydney from all the other inhabited continents, and some flights to Antarctica too (and thus, the world's only airport to have scheduled flights to all 7 continents).
1	6	1	9	The main ways to get into the city are by train (about $17 one-way on the Airport & East Hills line), or by taxi ($40-50 to the Rocks).
0	7	0	10	It is around nine hours to drive from Melbourne or from Brisbane.
0	7	0	10	If you're not used to driving long distances on boring roads, you may like to break up the trip over two or more days.
0	7	0	10	Adelaide is around fifteen hours drive; it is usual to allow three days for the drive to Adelaide.
0	7	0	10	The Hume Motorway/Highway between Sydney and Melbourne drive is dual carriageway high quality road.
0	7	0	10	The same applies for the Brisbane drive as well (except for two 12-km stretches).
0	7	1	10	While it has high quality sections, it also has two points that stick out like thumbs; Hexham and Coffs Harbour, and also carries high traffic volumes.
0	7	0	11	If you are renting a car, check the daily distance allowances and any one-way charge that may apply when driving from less popular destinations to major cities.
0	7	0	11	Cars may be rented at the airport and elsewhere from major rental companies, or at smaller, less conveniently located, cheaper companies.
0	7	0	11	Ride-sharing can be arranged with other travellers.
0	7	0	11	You can find a wide range of carpool offers on the Internet or in hostel noticeboards, etc.
1	7	1	11	Usual warnings apply.
0	8	0	12	There are tolls applicable to most motorways in Sydney, but there are no toll gates where you can pay.
0	8	0	12	"See ""Tolls"" section below."
0	8	0	12	Coach companies operate to Sydney from all capital cities, and many New South Wales regional centres.
0	8	0	12	The Sydney coach terminal is adjacent to Sydney Central train station in the City South.
0	8	0	12	Follow the signs.
0	8	0	12	Coach travel to Sydney is usually quicker, cheaper and more frequent than train travel.
1	8	1	12	Online and advance booking specials are usually available.
0	9	0	13	Taking long distance trains from any other major city in Australia to Sydney is not a popular option, with flying or driving often being preferred for being faster and cheaper.
0	9	0	13	Nevertheless Australia does have a functioning, albeit slow, network that may be worth considering if you are not in a hurry or want to get to some remote locations, and taking the NSW TrainLink sleeper services linking Sydney with Melbourne and Brisbane can be cost and time effective, by avoiding an extra hotel stay, and making the most of your days at either end.
1	9	1	13	Unlike the Indian Pacific, these are not luxury trains, but part of the regular state run network, so fares are generally competitive with flying once taxes/fees and getting to and from the airport are factored in.
0	10	0	14	The New South Wales long distance train service NSW Trainlink Regional, (13 22 32 within Australia) runs at least daily services to Sydney from Brisbane, Melbourne, Canberra and many regions of New South Wales including the Mid-North Coast, New England, the Central West and the Southern Highlands.
0	10	0	14	It also services Broken Hill weekly.
0	10	0	14	Travelling time from Melbourne and Brisbane is around 12 hours.
0	10	0	14	Fares range between $50 and $120 for standard class seats and tickets should be purchased in advance either online or by phone.
0	10	0	14	Tickets are only available from larger stations, though it's advisable to book online.
1	10	1	14	The tracks in NSW are often slow and twisty, and generally travel by road is faster, though invariably more stressful, particularly on the Pacific Highway during the summer holidays, when Sydneysiders head up the coast in vast herds of SUVs and caravans.
0	11	0	15	One way to make efficient use of travel time is to use the NSW TrainLink sleeper services between Sydney, Brisbane and Melbourne.
0	11	0	15	These leave every evening and allow you to save on a hotel stay at the other end, along with losing no days to travel.
0	11	0	15	Sleeper cabins have two berths in a bunk layout (full bedding in included), and each has a hot shower, sink and toilet (shared between two adjacent cabins), as well as a buffet car with hot meals and a continental breakfast (which can be ordered to your cabin).
0	11	0	15	"Food is ""no nonsense"", affordable and perfectly fine, if not a gastronomic adventure."
0	11	0	15	Regular seating cars are also available on overnight services, but are not recommended if you actually want a good nights sleep and arrive ready for a day of activities.
0	11	0	15	Sleeper berths cost $234 (adult full fare - there are numerous concessions available so check when booking) and need to be booked by phone on 13 22 32 within Australia.
1	11	1	15	Single occupancy is available if you purchase the second bunk.
0	12	0	16	The Indian Pacific (13 21 47 within Australia or +61 8 8213 4592 internationally) is a luxury train service run by private company Journey Beyond (formerly Great Southern) and runs from Perth to Sydney via Adelaide.
0	12	0	16	Adult fares from Perth start from around $2,100 p.p. during the low season.
0	12	0	16	Children get 20% off when travelling with an adult.
0	12	0	16	Note that Journey Beyond has partnered with the Qantas frequent flyer program, and it's possible to redeem Qantas points for reward seats on Journey Beyond trains.
0	12	0	16	The train departs from Perth on Wednesdays and arrives at Sydney on Saturdays.
0	12	0	16	The train is more expensive than flights from Perth or Adelaide, and takes longer than driving yourself, so this journey is really for rail enthusiasts who want to see the interior of Australia at a leisurely pace while travelling in luxury.
0	12	0	16	See Across Australia by train for more information.
1	12	1	16	All long distance (NSW Trainlink and Great Southern Railway) trains to Sydney terminate at Sydney's Central Station in the south of the CBD area.
0	13	0	17	Travellers can transfer to Sydney Trains, light rail, city buses, and taxis.
0	13	0	17	It is also easy to transfer to other long distance trains and coaches.
0	13	0	17	There is short term metered parking so you can meet the trains on the platform.
0	13	0	17	There are ATMs, a small choice of food outlets, cafes open until late, and a railway heritage society display and bookshop in the terminal.
1	13	1	17	The NSW Trainlink Intercity run fairly frequent services throughout the day from close regional areas: Newcastle and the Hunter Valley via the Central Coast, Goulburn via the Southern Highlands, Nowra via the Illawarra and Bathurst via the Blue Mountains.
0	14	0	18	Intercity trains do not require a reservation, and the opal card is still valid.
0	14	0	18	On the core routes as far as Lithgow (Blue Mountains line), Newcastle (Central Coast line) and Kiama (South Coast / Illawarra line) run hourly or half hourly late into the night, and start early morning.
0	14	0	18	Fares are very competitive, but onward bus connections from smaller stations are often very poor, especially in the Blue Mountains and parts of the Illawarra.
0	14	0	18	Bikes are accepted on trains (but be considerate, especially around peak times and busy weekends), and can be a good solution to the onward travel problem.
0	14	0	18	Core routes are all operated using double decker electric trains.
0	14	0	18	Travel onto some of the outer lines requires a transfer to a (rather cramped) diesel railcar service.
0	14	0	18	This is true for the Southern Highlands line (change at Campelltown), on the Illawarra/South Coast line for all stops south of Kiama, and for the Hunter Line (change at either Hamilton or Newcastle Interchange).
0	14	0	18	The timetables are usually lined up fairly well to allow for easy interchange.
0	14	0	18	Trains through to Bathurst are extremely irregular (2–3 a day), and most journeys require a change at Lithgow to a connecting bus service.
0	14	0	18	Note that there is no catering whatsoever on Intercity services, and that journeys can be up to three hours, even though the distance might seem short on the map, so bring food and drink with you.
1	14	1	18	Cruise ships visiting Sydney generally dock at the Overseas Passenger Terminal at Circular Quay or at the White Bay Cruise Terminal.
0	15	1	19	Circular Quay is a spectacular place to dock, right by the Harbour Bridge and across Sydney Cove from the Opera House, and you can walk off the ship into the city at The Rocks and then to the City Centre.
0	15	0	20	White Bay in the Inner West is not easy walking distance to anywhere.
0	15	0	20	On cruise days there is a ferry operating to Darling Harbour, as well as taxis and transfer services organised by the cruise companies (usually to the city and airport).
0	15	0	20	Cruisers embarking from White Bay have a spectacular sail away, first going under the Harbour Bridge and then passing by the Opera House.
0	15	1	20	At peak times some cruises can be anchored off Taronga Zoo (Athol Buoy, west of Bradleys Head).
0	15	0	21	If this happens to you, you will be tendered to Circular Quay passenger terminal to complete immigration, etc.
1	15	0	21	The public transport system consists of trains, metro, buses, ferries and light rail and can get you virtually anywhere in the city as well as much of the outer regions every day of the year.
0	16	0	21	Public transportation in Sydney can be complicated, even when travelling solely in the CBD and inner suburbs.
0	16	0	21	For short distances in the CBD it can be faster to walk than taking public transport.
0	16	0	21	Smartphone applications such as Google Maps, TripView, Moovit and Arrivo Sydney use live transit information for all modes of transport are very useful for public transport trips within the Sydney region.
0	16	0	21	Tripview is best for a known route that you want the latest times.
0	16	0	21	Moovit or Google Maps are best if don't know the route, and need timing and stop-by-stop information.
0	16	0	21	These apps are available on iOS and Android.
1	16	1	21	Sydney's public transport ticketing system is called Opal.
0	17	0	22	The system covers all train, metro, bus, public ferry and light rail services in Sydney, Newcastle, Wollongong and the surrounding regions.
0	17	1	22	Most visitors will find it easiest to use a contactless credit-card / debit-card (Visa/Mastercard/American Express) anywhere you can use an Opal Card on any public transport.
0	17	0	23	If each adult traveller has a credit-card then this is far more convenient than purchasing a re-loadable card, and you don't have to worry about residual amounts remaining on the card when you leave.
0	17	0	23	All the same benefits apply to using a contactless card as apply to using an Opal card.
0	17	0	23	However if you would rather use an Opal card (you have children, or don't have a contactless credit/debit card) you can obtain a free reloadable Opal smartcard at most newsagents and convenience stores or wherever you see the logo.
0	17	0	23	You will need to add at least $10 credit (adult) when you buy it (or $35 if you buy at the airport station).
0	17	0	23	Cards come in adult and child forms.
0	17	0	23	You can not obtain reloadable Opal cards at public transport stops (except the airport stations) unless the stop includes a retail outlet as part of the complex.
0	17	0	23	Adding credit to an Opal card is known as 'topping up'.
0	17	0	23	All Opal retailers provide top-up facilities.
0	17	0	23	Top-up machines are available at most railway stations, all ferry wharves, and some light rail stops.
0	17	0	23	All machines accept credit and debit cards (Visa/Mastercard with PIN), some also accept cash.
0	17	0	23	You can also top up with a credit card on the web, or with the Opal app - but you must allow an hour before you travel to allow the top-up to reach the Opal reader.
1	17	1	23	Daily fares are capped at $15.40 from Monday to Saturday and $2.80 on Sundays.
0	18	0	24	There is no need to worry about zone boundaries or having the right ticket because the system will automatically calculate the fare for each trip.
0	18	0	24	Other benefits include weekly caps, and off-peak discounts for trains (on weekends and after 9AM and before 4:30PM weekdays).
0	18	0	24	There are no off-peak fares for buses or ferries, and this can make train journeys cheaper than the bus off-peak.
0	18	0	24	After making eight 'journeys' during a week (the Opal week runs from Monday to Sunday), all subsequent travel is half-price for the rest of the week.
0	18	0	24	Any trip made within 1 hour of the previous trip is considered a continuation of a journey.
0	18	0	24	No matter how much you travel, Opal card users will never be charged more than $50 in any Monday to Sunday week (not including the Airport Station access fees, and other OpalPay services).
0	18	0	24	If you change modes of transport during your journey (e.g. from bus to train) the system will provide a $2 discount on the fare of the second and subsequent trips.
0	18	0	24	Single Trip'
0	18	1	24	Opal tickets are available at many top-up machines for trains and ferries.
0	18	0	25	Fares are 20% more expensive than a reloadable Opal or contactless card and you get none of the caps and discounts that are on offer.
0	18	0	25	You need to buy a ticket for every trip you make (i.e. you need to buy a second ticket at the start of a return journey), so these are best avoided unless you are making a limited number of trips.
0	18	0	25	To use an Opal card or contactless card, simply hold the card up to a reader to tap-on at the start of your trip, and tap-off at the end.
1	18	1	25	This applies to all transport except for the Manly ferry, when you only need to tap-on.
0	19	0	26	You must tap on before you board trains, light rail and ferries.
0	19	0	26	For buses, the readers are located by the entry and exit doors of the bus.
0	19	0	26	Not all wharves and stations have barriers, so you'll need to remember to tap off at the Opal poles at the end or you'll be charged the maximum fare for your route.
0	19	0	26	The readers on buses activate as you are approaching the stop, or soon after the bus has halted.
0	19	0	26	You can check how much credit is remaining on your card every time you tap on or off - just look at the screens attached to the reader or ticket barrier.
0	19	0	26	If you're using a contactless card you can check your fares online the following day.
0	19	0	26	You can register your Opal card on the Opal website.
1	19	1	26	If you lose a registered card then it can be blocked by phone or the website and the balance transferred to a new card.
0	20	0	27	If you lose an unregistered card then you also lose your balance.
0	20	0	27	You need to enter an Australian phone number to register your card, although it isn't used during the registration process.
0	20	0	27	If you don't have an Australian phone number yet, you may want to know that an Australian phone number would look something like 0400 123 456.
0	20	0	27	Beware when you leave Sydney that Opal cards can only be refunded to an Australian bank account.
1	20	1	27	No refunds can be made by cash or credit card.
0	21	0	28	If you have more than one card, you can transfer the balance between cards (allow 24 hours) if you register them to one account.
0	21	0	28	It is curious that you can't use American Express at machines at stops to top-up or purchase single trip tickets, but you can use American Express to tap the readers directly, or to purchase Opal Cards at the airport, or at 7-Eleven.
0	21	0	28	Children aged 15 years and under are entitled to a discount on most public transport.
0	21	0	28	Children 3 years and under travel free.
0	21	0	28	At all of Sydney's public transport stations/stops, you will see a lollipop sign with a single capitalised letter and a coloured background that indicates the type of transport service available (i.e. train, bus, light rail or ferry).
1	21	1	28	"The sign ""T"" in orange means train, ""M"" in teal means metro, ""B"" in blue means bus"", F"" in green means ferry and ""L"" in red means light rail (Tram)."
0	22	0	29	"You may find that many bus stops still don't have the blue ""B"" signage as they are still being progressively upgraded."
0	22	0	29	"Some bus stops also might say ""T-way"", referring to a name for bus rapid transit (BRT) lines."
0	22	0	29	"A purple ""C"" means Coach however, these are very rarely used and on the rare occasion on if they are used, it is usually a train replacement coach."
0	22	0	29	Sydney has a vast suburban rail network operated by Sydney Trains, covering 882 km of track and 176 stations.
0	22	0	29	The train network will take passengers to most of the metropolitan area.
1	22	1	29	Trains service every station in the metropolitan area at least every 30 minutes.
0	23	0	30	Frequency is higher in the city, and major centres (Chatswood, Parramatta, Bondi Junction, the Airport, etc) usually see a train every 10 minutes or so.
0	23	0	30	Peak times (7-9:30AM and 4:30-7PM) have more frequent and also crowded trains, as well as some express services that skip more stations.
0	23	0	30	Expect congestion around Central and Town Hall.
0	23	0	30	You may get a clean modern train, comfortable seating and clear station announcements.
0	23	0	30	Alternatively, you could get a train full of people packed in like sardines, with station announcements that are barely audible.
1	23	1	30	Prepare yourself with your smartphone network map, just in case.
0	24	0	31	All Sydney Trains are air-conditioned.
0	24	0	31	Most train services do not stop at every station and do not travel to the furthest extent of the line.
0	24	0	31	Look at the departure screens at the station concourse which indicate when the next train will arrive, its destination, the platform it will depart from, and the stations it will stop at.
0	24	1	31	Alternatively, you can also listen to announcements that will regularly play before and when a train arrives at the platform.
0	24	0	32	Or simply download an app that gives you platforms and times (with real time updates if you have mobile internet).
0	24	0	32	Outside of operating hours, between midnight (1AM on Fridays and Saturdays) and 5AM, NightRide buses run at least every hour.
0	24	0	32	NightRide buses stop at most stations and a few additional stops, but they do not travel on the same routes.
0	24	1	32	If you intend catching a NightRide bus home, check the NightRide route map.
0	24	0	33	Buses can be crowded on Friday and Saturday nights.
0	24	0	33	Exercise caution whilst travelling on trains after 8PM, particularly if the carriage is mostly deserted and if travelling to western and south western Sydney, as it is not uncommon for undesirables to be found on trains during these times.
0	24	0	33	99% of the time they will not cause you any more trouble other than being loud, vulgar and obnoxious, but it is best to avoid them as unwanted altercations may follow.
1	24	1	33	Moving to other carriages would be a good idea.
0	25	0	34	The more modern trains have Emergency Help Points in every carriage, allowing contact with the train guard.
0	25	0	34	Otherwise, travel in the middle carriages, near the guard's compartment (marked with a blue light).
0	25	0	34	The guard has contact with police and the driver if there is any trouble on the train.
0	25	0	34	Emergency Help Points are also available at every station.
0	25	0	34	Check for track work before leaving for the station; Sydney Trains shut down part of the network most weekends and will transfer passengers to buses if lines are closed.
0	25	0	34	The process may add half an hour or more to a typical journey.
1	25	1	34	Track work is usually on weekends or late at night on weekdays and the track work timetable is available on the Sydney trains website several months in advance (check before you leave home for the days you are visiting).
0	26	0	35	Note: The Bankstown Line ( T3 ) between Bankstown and Sydenham will be closed until 2025 to be converted into a metro line as part of the Sydney Metro Southwest.
0	26	0	35	Buses will be run to replace the line until then.
1	26	1	35	As of March 2023, Sydney only has one metro line: the Sydney Metro Northwest.
0	27	0	36	Other extensions to La Perouse, Macarthur or Liverpool aren't expected to open till at least 2042.
0	27	1	36	Sydney has an extensive bus network.
0	27	0	37	Some buses run from distant suburbs such as those on the Northern Beaches and North West all the way to the city, but there are also shorter feeders to suburban rail stations from surrounding suburbs.
1	27	0	37	It is a good idea to plan your bus trips in advance where possible.
0	28	0	37	Transportnsw.info has a helpful trip planner feature to assist you, as well as route maps and schedules to print.
0	28	1	37	Most bus stops have timetables posted, as well as a route map for the routes servicing that bus stop.
0	28	0	38	You must flag down buses with an outstretched hand if you want them to stop for you and you must press the STOP button on board to disembark.
0	28	0	38	They will not automatically stop unless they are signalled to do so.
1	28	0	38	On most buses there is nothing on the bus to tell you which stop you are approaching or which stop you are at.
0	29	0	38	There are no poster maps on the bus either.
0	29	1	38	If you're heading into unfamiliar territory, either take a paper timetable to track your route, or make sure you have an app downloaded to track your route and stops (Tripview/Moovit, etc).
0	29	0	39	"Also, if you take a bus marked ""Limited Stops"" or ""Express"" (the route number will start with an L or an X or an E), make sure that the bus stops where you want it to."
0	29	0	39	Limited stops services stop only at major stops so they may make you walk around 750 metres or so if they skip your stop.
0	29	0	39	However, express services can run very far from the city without stopping at all, before resuming a normal stopping pattern (express buses only operate during peak hours).
0	29	0	39	All normally numbered buses stop at all stops, so missing your stop or getting off one stop early is a less serious mistake.
0	29	0	39	Red Metrobuses (routes numbers starting with M) are longer route, cross city buses, running at 10- to 20-minute frequencies during their operational hours.
0	29	0	39	These buses sometimes have a screen displaying the next stop and onboard announcements as well.
0	29	0	39	Metrobus stops usually have a name on top of the stand which easily indicates a Metrobus services the particular stop.
1	29	1	39	There are two main bus termination points in the CBD, at Wynyard and Circular Quay.
0	30	0	40	These two points are separated by a one-stop commuter train trip.
0	30	0	40	You will need to make this trip if connecting from buses arriving from north of the Harbour Bridge to buses heading east or west, or vice versa.
0	30	0	40	There are bus information centres at Wynyard and Circular Quay.
0	30	0	40	During peak hours some buses from the south and west terminate at Town Hall to avoid congestion in the CBD.
0	30	0	40	All buses are GPS-equipped, so you can use an app like TripView, Google Maps or Citymapper to track arrival times in real time.
0	30	0	40	A few trunk routes run to the Eastern Suburbs and to Newtown 24 hours a day.
1	30	1	40	Additional services operate late Friday and Saturday night to the Northern Beaches and to the North West.
0	31	0	41	There are few transport apps available that indicate from 0 to 3 how crowded a bus is.
0	31	0	41	If you want to go a long distance and can see the next bus is full, you can consider waiting for the next one.
0	31	0	41	There are three light rail (tram) lines operating in Sydney as of April 2020.
0	31	0	41	The L1 Inner West Line runs from Central to Dulwich Hill, which is useful for travelling between Sydney City and western Darling Harbour, the casino, the Fish Markets, Pyrmont, and the Inner West.
1	31	1	41	Be aware that the light rail to Darling Harbour and the Casino can get extremely crowded, even on Sundays, so if you're only going a short distance (Central to Paddy's Market, for example), it'd be faster to walk instead.
0	32	0	42	Beyond the casino is a spacious ride through the inner west.
0	32	0	42	The L2 Randwick Line runs down George St, connecting Circular Quay to Central, before continuing on to Surry Hills, Moore Park, and Randwick.
0	32	0	42	This is a great way to move through the length of the inner city without going below ground.
0	32	0	42	A third line, the L3 Kingsford Line, branches off from the L2 at Moore Park and heads to Kingsford and opened in April 2020.
0	32	0	42	The Westmead–Carlingford line of the Parramatta Light Rail (likely to be numbered L4) will open in 2024; the route will start next to Westmead station, wind its way through the various hospital precincts in Westmead, then through Parramatta CBD before it takes a turn at Camellia.
1	32	1	42	After the turn, the route follows the old Carlingford line passing Rydalmere and various other smaller suburbs before terminating at Carlingford.
0	33	0	43	Stage 2 of the Parramatta Light Rail will follow the same route as stage 1 between Westmead and Camellia but will then branch off, heading east towards Meadowbank and then towards Sydney Olympic Park with connections to its future metro station (the Sydney Metro West is opening in 2030).
0	33	0	43	However, it's expected that this will only open in 2031, if not longer.
0	33	0	43	Unlike buses, the Opal card readers are located at the stops and not on the light rails themselves, so don't forget to tap on and off before and after your ride.
0	33	0	43	The public Sydney Ferries central hub is at Circular Quay at the north edge of the CBD.
1	33	1	43	Ferries run up the Parramatta River via Balmain and Olympic Park, around to Darling Harbour, across to Luna Park, across to the Zoo, out to Manly, and out to Watsons Bay.
1	34	1	44	They also go to Garden island and Cockatoo Island.
0	35	0	45	They run only within Sydney harbour, so you can't get a ferry to Bondi.
0	35	0	45	Ferries run to most destinations at least every hour, with additional peak services, and half hourly services to Manly and Barangaroo/Pyrmont Bay.
0	35	0	45	At Circular Quay and Barangaroo, each wharf has a large screen showing ferry departures and general information.
0	35	0	45	Find your destination on the screen, which shows when your ferry service is departing and from which wharf.
1	35	1	45	Note that at Circular Quay, it will show the services for all nine lines, however, in Barangaroo, only F3 , and F4 are shown.
0	36	0	46	More than just a utilitarian means of transport, ferries are a great way to see Sydney Harbour.
0	36	0	46	The best ferry excursion for visitors is the F1 Circular Quay eastward to Manly or, for a shorter and slightly cheaper trip, the F9 to Watsons Bay.
0	36	0	46	Be prepared to take photographs of the Sydney Opera House and the Harbour Bridge as you leave Circular Quay.
0	36	0	46	Ferries from Circular Quay westward to Balmain and Barangaroo offer great excuses to experience sailing under the Harbour Bridge.
0	36	0	46	The F2 Taronga Zoo ferry line is also an experience for some, and offers a direct ferry line from Circular Quay to Taronga Zoo, the iconic zoo of Sydney.
0	36	0	46	The Manly and inner-harbour ( F1 , F5 , F6 , F7 ) ferries can get busy, but it is very rare that they reach capacity.
0	36	0	46	Opal's $2.60 Sunday deal is very popular, especially on sunny 'beach' days, with the viewing decks becoming tightly packed and the queuing chaotic.
1	36	1	46	If you're only in Sydney a short time, then you may wish to spend the extra to travel on weekday and avoid the associated hassles with crowds on a Sunday.
0	37	0	47	At peak periods, the F3 and F8 Parramatta River ferries can and do fill to capacity, and you should ensure that you have an alternative way for completing your trip.
0	37	0	47	Passenger counts are strictly enforced, and there is no effective queue meaning that missing one ferry is no guarantee you will get on the next.
1	37	1	47	The main peak period is on sunny weekend afternoons returning from Parramatta and all pickup points along the river, and during the Vivid festival heading towards the city.
0	38	0	48	School holidays and weekdays 4PM-6PM at Barangaroo heading to Parramatta can be busy too (you are okay if you board at Circular Quay where the ferry originates) as commuters, tourists, and day trippers compete to get home.
0	38	0	48	Cockatoo Island is an awkward place to be stuck, so allow enough time to get the ferry the other way and back if you need to.
0	38	0	48	Captain Cook Ferries and Manly Fast Ferries also run ferry services complementing and competing with the government contracted Sydney Ferries.
0	38	0	48	Manly Fast Ferries runs a service between Circular Quay and Manly.
1	38	1	48	Captain Cook ferries run a Darling Harbour to Circular Quay, Barangaroo to Manly and services around the Harbour and to Harbour Islands.
0	39	0	49	They also run a Zoo Express to Taronga Zoo wharf, with a combined entry pass the same price as the Sydney Ferries ferry.
0	39	0	49	You'll get a nicer ferry and commentary on the way.
0	39	0	49	They also run a Manly to Watsons Bay ferry that offers a significant time saving over the ferry via Circular Quay.
0	39	0	49	You can tap your Opal Card or credit card to pay for the Manly Fast Ferry services, using a service called OpalPay - however, you will not receive any of the frequent travel benefits.
0	39	0	49	Charter a boat on the Harbour to get you across the water.
0	39	0	49	Lots of services are available around the Harbour, with self-drive boat hire, luxury boat hire and more.
1	39	1	49	Around New Years Eve, and Australia day the Harbour is at its busiest so take care to organise ahead of time.
0	40	0	50	Many Sydney trains stations are easy access, with lifts to all platforms and ramps operated by station staff to allow wheelchair access to trains.
0	40	0	50	All Sydney Metro stations are fully accessible with lifts and level access between platforms and trains.
0	40	0	50	Some buses have disabled access.
0	40	0	50	All light rail stops are wheelchair accessible.
0	40	0	50	Access to the light rail is via an on-board ramp.
0	40	0	50	Wheelchair friendly buses, stations, and routes are indicated on the timetable, and in the real time apps.
0	40	0	50	If you are spending time in the CBD, and visiting near-by attractions like Manly, Bondi (and the Eastern suburbs), Pyrmont or the Inner West, then a car may be more hassle than it's worth, with congestion, complex one-way schemes, and expensive and time-restricted parking.
0	40	0	50	However if you are keen to explore the northern beaches, outer suburbs or travel further afield, a car may be the best option for travelling.
1	40	1	50	Check the daily distance allowances and any one-way charge that may apply when driving from less popular destinations to major cities.
0	41	0	51	Cars may be rented at the airport and elsewhere from major rental companies or at smaller, cheaper companies.
0	41	0	51	Sydney traffic is always busy, but outside of peak weekday times travelling by car is usually at least as quick as any method of public transport.
0	41	0	51	Congestion can be expected on roads to the city 6:30AM-9:30AM, and roads away from the city 4:30PM-6:30PM.
1	41	1	51	Allow double the normal travel time during these periods - longer if you are using motorways.
0	42	0	52	Congestion is considerably worse and longer in both directions during the Friday afternoon peak.
0	42	0	52	Some roads experience congestion at other times and roads heading to shopping, sports, parks and beaches can be heavily congested on weekends also - particularly on Saturday mornings and Saturday evenings.
0	42	0	52	Roads around Bondi Beach and the other eastern suburbs beaches experience gridlock on summer weekends, with buses often caught in the same traffic as cars.
0	42	0	52	Roads are generally well signposted to the next major suburb or suburbs along the route, and all (except freeways) have road names.
0	42	0	52	A handful of cross-city roads are signposted by alphanumeric code.
0	42	1	52	The airport is signposted from many major routes with an aeroplane symbol.
0	42	0	53	Travel times from the city centre to the Sydney outskirts can take around 45 minutes in good traffic.
0	42	0	53	Some motorways, tunnels and bridges charge tolls between $2 and $8 depending on the road and distance.
0	42	0	53	There is no logic behind which ones charge and which ones don't - the reasons are all historical and political.
1	42	0	53	Toll roads are indicated by the word TOLL or TOLL E-e on the signboard when joining the road.
0	43	0	53	Tolls are charged on the:
0	43	0	53	If you want to plan a toll-free route, you can avoid the Cross City Tunnel, M2, M4, M5, M7, M8 or A8 Falcon Street on-ramp fairly easily.
0	43	0	53	However, it is hard to avoid the harbour crossings if you are going to the CBD from Manly, the Northern Beaches or the zoo by car.
0	43	1	53	If you're using a GPS check the toll-free routes, because outside of peak some toll roads offer little time saving.
0	43	0	54	All rental cars come with a way to pay tolls.
0	43	0	54	They each charge their own service fees that can be a daily flat fee, or an administration fee and tolls.
0	43	1	54	Some rental car companies register the licence plate, so you have no option other than to use their toll service.
0	43	0	55	If you are managing the tolls yourself you need to have a pass or a tag.
0	43	0	55	The Sydney Motorways website provides links to all tag and pass providers.
0	43	0	55	Not paying a toll within three days of driving on a toll road will incur a $15 administration fee in addition to the toll.
0	43	0	55	If you are in a rental car, the rental car company will charge an additional fee for this to your credit card.
0	43	1	55	Parking in and around the city requires some consideration.
1	43	0	56	Much of the available parking space in Sydney's centre and suburbs is time limited, and fees can apply.
0	44	0	56	Parking your car in the City Centre in parking stations is always possible but can be very expensive if you don't plan properly.
1	44	0	56	Expect to pay up to $90 for three hours at some central parking lots if you just drive up.
0	45	1	56	Prices generally reduce significantly on weekends however with some car parks charging $15-20 flat fee for full day parking.
0	45	0	57	Reduced parking charges are also made on weekdays for early-bird parking, where you must enter and leave within prescribed times.
0	45	0	57	For example you can park all day at the Opera House for $16 as long as you enter before 10AM and leave 3PM-7PM.
0	45	0	57	There is no grace period, so you cannot get out even one minute before 3PM, and you will be charged the day parking rate of $42 if you are 10 seconds late.
0	45	0	57	Most city parking lots offer reduced flat fees (around $15-$25) for evening and weekend parking.
0	45	0	57	Booking parking online in advance can offer dramatic savings, with offers as low as $10 for all day parking sometimes available.
0	45	0	57	Street parking in the CBD is generally only possible before 8AM and after 6:30PM on weekdays and, even then, is almost invariably metered until 10PM at $2.20-3.30 per hour.
1	45	0	57	On weekends, most parking spaces have a 4 hour limit, again metered at $1.10-2.20 per hour.
0	46	1	57	All day street spots are sometimes available in the Domain/Mrs Macquarie's Chair and Hickson Road, but these spots are often taken up by commuters, and, since they are metered, an early bird deal may work out cheaper than the metered rate.
0	46	0	58	Parking meters accept credit card payment.
0	46	0	58	Similar prices are charged in North Sydney.
0	46	0	58	City hotels invariably charge for parking for the guests.
1	46	0	58	Parking in many major suburban centres and beaches can be a matter of spending time cruising and searching for parking spots.
0	47	1	58	Usually parking within easy walking distance of these centres has a time limit restriction - often 2-3 hours.
0	47	0	59	Shopping centre car parks usually have a similar restriction, with fees applying after an initial free period.
0	47	0	59	Some train stations have all day free commuter parking.
1	47	0	59	At major stations, this can be full before 8AM.
0	48	1	59	Smaller stations with less frequent train service tend to have better parking availability.
0	48	0	60	On weekends it is easy to find a spot in the commuter parking lots.
0	48	0	60	The stations with commuter parking are marked on the Sydney Trains maps.
0	48	0	60	Parking at some beaches, on summer weekends, can often be almost impossible.
1	48	0	60	Some beaches are in suburban neighbourhoods, without large car parking facilities.
0	49	0	60	Check the appropriate destination guides for more information.
0	49	0	60	Parking fines in Sydney are $108 if you exceed the allowed parking time or don't pay the fee in a legitimate parking space.
1	49	0	60	Reloading the meter or moving your car within the same parking zone will not get you out of a fine.
0	50	1	60	Parking in a no stopping zone will cost you over $200 (indicated by signs or a solid yellow line near the kerb).
0	50	0	61	If you park illegally and wait with your car, you may find you have the licence place photographed and fined before you have the chance to move on - don't expect a warning.
0	50	0	61	If you park illegally in a disabled spot, the fine is $541.
0	50	0	61	If you do get fined for exceeding time, you will not be fined again the same day so you might as well enjoy your parking spot.
0	50	0	61	Clearways are no-stopping zones on main roads during peak periods, marked with clearway signs and a broken yellow line on the kerb.
1	50	0	61	Fines will be around $400 to reclaim your car after it is towed away.
0	51	1	61	Clearways also offer parking opportunities if you want to park just after 10AM.
0	51	0	62	Speed limits can change frequently, even on the same road.
1	51	0	62	Speed limits drop for areas of pedestrian activity, schools (40 km/h or 30 km/h 8AM-9:30AM and 2:30PM-4PM on school days), roadwork, as well as driving conditions.
0	52	0	62	Some roads have variable speed limits that change during busy traffic times.
0	52	0	62	Every road in Sydney has a signposted speed limit and the only way to be sure of the limit is to pay attention to the signs.
0	52	0	62	You cannot tell the speed limit just by looking at the road.
0	52	0	62	The speed limit is usually 50 km/h on residential streets, 60 km/h to 100 km/h on main roads, and sometimes higher on motorway sections with a max at 110km/h.
0	52	0	62	Speed limits are extensively enforced, and penalties are severe.
0	52	0	62	"Enforcement is mainly by fixed speed cameras, but also by mobile speed cameras (from a speed-camera equipped vehicle parked at the roadside), hand-operated speed ""guns"" operated by police, and by police highway patrol cars."
0	52	1	62	"Speed cameras are installed at many traffic-light controlled intersections, and these cameras also enforce the ""stop at red lights"" by taking two pictures, the first of the car crossing the stop line (painted on the road) while the light is at red, and the second as the car passes through the intersection (thus proving that it was not simply a case of the car stopping a metre or so past the stop line)."
0	52	0	63	Breaking the speed limit by 10 km/h or less attracts a fine (as at Jan 2018) of $116, by 11-20 km/hr a fine of $269, by 21-30 km/h $462, by 31-45 km/h $884, and over 45 km/h $2,384 with immediate on-the-spot confiscation of driver's licence.
1	52	0	63	Penalties are higher for inexperienced drivers, and in school zones during enforcement hours on school days.
0	53	1	63	"In addition, scaled ""demerit points"" are given to Australian licence holders, resulting in an automatic non-appealable 3 month or 6 month licence suspension when a pre-determined number of demerit points are accumulated by a driver within any 3 year period."
0	53	0	64	Demerit point penalties are doubled during school holidays and during public holiday weekends.
0	53	0	64	Taxis are a convenient way to get around Sydney.
1	53	0	64	Along with Uber, they can also be the only transport option available to some locations late at night when the trains and regular buses stop.
0	54	1	64	It is usually easy enough to flag a taxi down at the kerb in the CBD, or catch one at taxi ranks found in most suburban centres.
0	54	0	65	"The availability of a taxi is indicated by an illuminated ""taxi"" sign positioned on top of the vehicle."
0	54	0	65	If the light is on, it is available for hire; if the light is off, the cab is occupied.
0	54	0	65	You can also book a taxi by calling one of the taxi companies or booking online.
0	54	0	65	Beware the 3PM change over and the Friday evening rush.
1	54	0	65	It can be almost impossible to get a taxi 2:30PM–3:15PM.
0	55	1	65	It is just as difficult 2:30AM–3:30AM, as almost all of the drivers change over their shifts at the same time.
0	55	0	66	They are similarly scarce on Friday and Saturday evenings.
0	55	0	66	Booking in advance is no guarantee, as these jobs are simply offered electronically to drivers, who may or may not accept the job.
0	55	0	66	It is easily possible to wait an hour or more for a taxi booked 24 hours in advance on a Friday and Saturday evening.
0	55	0	66	Ringing the taxi company back and complaining will often help (if the operators can relate to your problem, they have the ability to offer a taxi driver an incentive to take your fare).
0	55	0	66	Cancelling your job and ringing another taxi company in frustration never helps as the taxi companies have handover systems that have seen your job handed over if another company had more capacity.
0	55	0	66	You will just end up at the back of the queue again.
0	55	0	66	Evenings other than Friday and Saturday are usually fine.
0	55	0	66	During busy times, some unscrupulous drivers may try to leave the door locked and ask where you are going through the window and drive off if the destination is too close or not on their way home, even though this is illegal.
1	55	0	66	If you can, get in before you tell them your destination – by law, they have to take you.
0	56	1	66	"There are two meter rates: a day rate (rate 1) with a flag fall of $3.30, a distance rate of $1.99/km, a ""waiting"" rate of $0.85/min, and a booking fee of $2.50; and a night rate (rate 2 – applicable to journeys commenced between 10PM–6AM), which adds a 20% surcharge to the distance rate."
1	56	0	67	You can check the rate your taxi is using by looking for a 1 or a 2 next to the current charge: if it is set to 2, it is using the night rate.
0	57	1	67	"The so called ""waiting"" rate is charged whenever the speed drops below 25 km/h."
0	57	0	68	"For trips in congested traffic, it is possible for large parts of the trip to be charged at the ""waiting"" rate."
0	57	0	68	All Sydney taxis are metered and taxi drivers hailed at the kerb will charge the metered rate, with any charges for tolls added automatically during the journey.
0	57	0	68	Silver Service taxis are more luxurious vehicles, but they are charged at the same rate as standard taxis.
1	57	0	68	Taxis accept all major credit cards.
1	58	1	68	They charge an extra 5% on top of the fare for this.
0	59	0	69	Many of the taxi companies have their own apps.
0	59	0	69	Passengers are required to pay all tolls for their trip.
0	59	0	69	Drivers will usually take the toll roads unless you ask them not to.
0	59	0	69	Tolls are added automatically by the meter as incurred during the journey.
0	59	0	69	Passengers have the right to control the air conditioning and the radio so ask the driver.
1	59	0	69	Whilst most taxi drivers behave acceptably, there have been reported incidences of taxi drivers behaving inappropriately towards women: it is always safer to sit in the back of the car.
0	60	1	69	Tipping is not required or generally expected.
0	60	0	70	However, rounding up a taxi fare to the next dollar (or five or ten dollars, depending on the base fare) is fairly common.
0	60	0	70	On the other hand, if the driver rounds the fare down to the nearest dollar, accept with grace.
0	60	0	70	Uber, Ola and Bolt offer a convenient alternative to taxis (Lyft isn't available in Sydney), and considerable cost savings when there is no surge, with Uber somewhat more expensive than its competitors.
1	60	0	70	Ubers will nearly always take the fastest route (including tolls when necessary) unless you tell them to take another way.
0	61	1	70	They are every bit as common as taxis in the city and most suburbs.
0	61	0	71	If you are a fit and experienced urban cyclist, used to riding on multi-lane roads in heavy traffic, then just get on your bike.
1	61	0	71	Cyclists are permitted just about everywhere on Sydney's roads, except for some freeway tunnels where bicycle signs will usually direct you to the alternative route.
0	62	0	71	Kerbside lanes are often narrow, so ride assertively, be seen, and take the full lane when you know there is insufficient room to be passed.
0	62	0	71	Bikes are permitted in bus lanes (like the city streets), but not bus only lanes (like the Harbour Bridge, and T-ways).
0	62	0	71	The city centre is not particularly cyclist friendly traffic-wise.
1	62	0	71	It is not flat either - you can expect regular hills but no marathon uphill climbs.
0	63	1	71	The weather is, however, usually good for cycling.
0	63	0	72	If you are looking for a quieter ride, a number of quiet on-road and shared pedestrian/cycle paths are available, but can be hard to find.
0	63	0	72	A good place to start is at Sydney Olympic Park where you can get your cycle legs on the extensive off-road trails; then, if you want to, you can follow the Parramatta River to Parramatta or following the Cooks River to Botany Bay in Southern Sydney.
0	63	0	72	The Harbour Bridge has a dedicated cycle lane, suitable for all ages, but as soon as you get off the bridge (and down the steps!) you are back onto urban streets in Milsons Point.
0	63	0	72	The Bourke St cycleway is a north–south route in the City East and a cruisy place to cycle between Woolloomooloo, Darlinghurst and Surry Hills.
0	63	0	72	Lots of shade and cafes to break the trip.
0	63	0	72	Some other separated cycleways have opened in the CBD, but they are yet to form a cohesive network, and your trip may easily end up on a busy and unforgiving city road if you haven't planned well in advance.
0	63	1	72	Other cycleways are often just converted footpaths, so be on the lookout for bollards, street signs, roots and branches strategically placed across cycle paths - as well as pedestrians.
0	63	0	73	If cycling at night ensure you have lights bright enough to light your path.
0	63	0	73	It is illegal to ride bicycles on footpaths unless cycling with children under 12.
0	63	0	73	In reality this is fairly weakly enforced out in the suburbs, but it is common for people to be fined for cycling through pedestrian malls in the city like Pitt St Mall or Martin Place.
1	63	0	73	Out in the suburbs you can often follow quiet streets, and hop onto the footpath for a short stretch if things get too hairy.
0	64	1	73	Bicycle helmets are required by law, as are lights and reflectors at night.
0	64	0	74	Bicycles can be taken on all trains, ferries and the metro for no cost.
0	64	0	74	But catching a train in the CBD or close to the city in the peak may mean waiting for several services to find one you will fit.
1	64	0	74	Check trackwork schedules on weekends, when buses replace trains and make taking bicycles more challenging.
0	65	1	74	Sydney centre now has Mobike dockless bike share scheme and Lime e-bikes if you don't feel like you've got your hill-legs.
0	65	0	75	Simply download the app, pay a refundable deposit, and you can grab your closest bike.
1	65	0	75	Park it anywhere you like.
0	66	0	75	Longer term bike hire is available in many locations in Sydney.
0	66	0	75	Unfortunately, bike hire for two bikes for a day usually costs more than hiring a small car and petrol for the day (around $50 per bike).
0	66	0	75	However, for shorter periods some places may be reasonably priced (for example Sydney Olympic Park) charges $15 per hour.
0	66	0	75	Also, you have to consider the additional cost if the bikes are stolen or damaged.
0	66	0	75	However, they are much easier to park, are greener and can be more fun.
0	66	0	75	See the district articles for bike hire listings.
0	66	0	75	If you want to join in a longer ride, most bicycle user groups around Sydney organise weekend rides for various levels of fitness.
0	66	0	75	There is usually no charge to join in.
1	66	0	75	Sydney is quite pedestrian friendly, and as always you will see a lot more when moving around on foot than by wheels.
0	67	1	75	On sunny days a long sleeved shirt, sunglasses, sunscreen and maybe even a hat is advisable.
1	67	0	76	It takes some 45 minutes to walk from Central Station up through the CBD to the Opera House.
0	68	1	76	For details on a self guided walking tour in Central Sydney, see Walking tour of Sydney.
0	68	0	77	Even some more distant destinations are walkable if you have the time, fitness and inclination.
0	68	0	77	It's less than 2 hours to walk through the exclusive eastern suburbs to Bondi Beach, or south through part industrial, part hipster Alexandria to the airport.
0	68	0	77	Visitor Passes
0	68	0	77	You can buy one and two day unlimited access passes to a range of sights and activities.
1	68	0	77	"There is also a ""Sydney Attraction Pass"" with five venues including Sydney wildlife and sealife (Darling Harbour), Sydney Tower and Madame Tussaud's."
0	69	1	77	You have 30 days to visit (one pass per venue).
0	69	0	78	Most of the Sydney landmarks can be seen in the City Centre with the iconic Sydney Opera House as well as visiting the Art Gallery of New South Wales, Sydney Tower, St Mary's Cathedral, Royal Botanic Gardens and the State Library of New South Wales.
0	69	0	78	Right next to the centre is the historic district of The Rocks where you see Sydney's heritage as well as walk across the Sydney Harbour Bridge.
1	69	0	78	Darling Harbour is west of the City Centre and offers plenty of attractions such as the National Maritime Museum, Sydney Fish Market, Sydney Wildlife World, Sydney Aquarium and the Powerhouse Museum.
0	70	1	78	Cross the Harbour Bridge to reach the Lower North Shore where you can visit Luna Park.
0	70	0	79	Taronga Zoo can be reached by a dedicated ferry from Circular Quay.
0	70	0	79	Take the ferry further out to Manly where you can visit the famous beach and walk to Middle Head passes many coastal artillery fortifications built into the cliffs of Sydney Harbour during the late nineteenth century.
0	70	0	79	Head out in the sun to visit the Eastern Suburbs where you can find the world famous Bondi beach, as well as many other beaches and La Perouse.
0	70	1	79	Sydney offers many opportunities to discover indigenous heritage, with rock carvings, dancing and art galleries to explore.
0	70	0	80	Sydney is known for its dozens of vibrant suburbs, which reflect upon the beauty and diversity of the city all because of its character.
0	70	0	80	Wildlife
1	70	1	80	Sydney also offers opportunities to see wild Australian animals
0	71	0	81	Sydney's world-famous beauty is defined by Sydney Harbour that can be easily viewed from the city and many areas around it.
0	71	0	81	The large natural harbour was the reason that the original penal settlement was established in the area, near what is now known as Circular Quay.
0	71	1	81	An excellent way to see both the harbour and Sydney attractions is to take any ferry from Circular Quay.
0	71	0	82	These are very reasonably priced and a favourite with tourists who can see most of the harbour from the various routes offered.
1	71	0	82	Heading to Manly on the ferry makes for a great 30 minute trip at a fraction of the price of a commercial harbour cruise.
0	72	0	82	The world famous Sydney to Hobart Yacht Race begins every year on Boxing Day, on Sydney Harbour.
0	72	0	82	Thousands of spectator craft take to the water to farewell the yachts as they set off on their gruelling journey to Hobart.
0	72	0	82	Seaworthy craft can follow the yachts through the Sydney Heads into the open ocean.
0	72	0	82	You can also see the race from a harbour vantage point like Watsons Bay.
1	72	0	82	where you can see them sail towards you across the harbour, and then cross to the gap to see them sail down the coast.
0	73	1	82	Sydney's beaches are the perfect place to spend a warm summer day, where you can swim or lie on the sands to your heart's content.
0	73	0	83	The most popular are Bondi, Manly, Cronulla and Coogee, although many others have their own charms.
0	73	0	83	They might not be miles of golden beaches like Queensland, but there's a great variety, ranging from ocean beaches nestled between towering headlands in the Eastern Suburbs to quiet bays facing the harbour in Mosman.
0	73	0	83	Bondi and Coogee are backpacker haunts while Manly and Cronulla feel like separate seaside towns.
0	73	0	83	Soak in the crowded atmosphere amongst the other sunseekers in the eastern beaches, or be one of the few enjoying the solitude in the Northern Beaches and the Royal National Park.
0	73	0	83	Brave the ocean waves, or splash about in the shallower rock pools.
0	73	0	83	Even in winter, you can join the hardy souls keeping to their exercise regime in the cold waters.
0	73	0	83	Surf at one of Sydney's many surf beaches, a quintessentially Australian experience.
0	73	0	83	The major beaches (Bondi, Manly, Cronulla) have surf schools and places where you can rent surfboards.
1	73	0	83	Locals have their own secret favourites in the Northern Beaches and Maroubra, and can be fiercely territorial.
0	74	1	83	Sydney's waterways offer great canoeing and kayaking, and you can explore Sydney's bushland, history, and exclusive waterfront properties.
0	74	0	84	There are lots of places to hire them from, or to even go on a guided tour.
0	74	0	84	Sydney offers decent fishing although it is not recommended to fish in Sydney Harbour to the west of the Harbour Bridge due to pollution and the fish are tainted with dioxin which is harmful to humans.
0	74	0	84	You will nevertheless see local residents fishing on the harbour.
0	74	0	84	You can sign up with a fishing charter to take you out of the Harbour into open water, Middle Harbour or Pittwater is a rewarding experience.
0	74	0	84	You'll likely catch something of decent size and even if you don't, being out on a boat in Sydney is one of the great Sydney experiences in the warmer months.
0	74	1	84	Sydney has a huge amount of green space, much of it beside the sparkling harbour or ocean, so walking is a great way to experience the city's parks, reserves and remnant bushland.
0	74	0	85	There are also great walks through the more built-up areas, allowing you to check out the city's modern architecture and its colonial heritage.
1	74	0	85	The following are just a few of the better-known routes.
0	75	1	85	For quieter trails with a rural feel, the best choices would either be Ku-ring-gai Chase National Park or Garigal National Park, both which are not too far away from Sydney CBD.
0	75	0	86	The winter rugby football season generally begins with trial matches in February, before the season proper kicks off in March and runs to late September or early October.
0	75	0	86	Sydney's most popular football code is rugby league (often just called 'football' or 'footy' by locals — although never just 'rugby', which refers to rugby union).
0	75	0	86	Nine teams from the national competition are based in Sydney and the sport is an important part of the city's culture - many teams play at least some of their games at intimate grounds in their suburban heartlands, and this can be a good way to experience the traditional heart of the sport.
0	75	1	86	Sydney's primary summer sport is cricket, which you'll find being played (in somewhat modified form) on beaches and in backyards across the city.
0	75	0	87	The professional stuff is largely based at the Sydney Cricket Ground close to the CBD: the traditional New Year's Test, between the Australian team and whichever foreign team is touring at the time, commences around the 3rd of January and runs for four to five days.
0	75	0	87	Later in the summer, international one-day and/or Twenty20 matches are held at the SCG.
0	75	0	87	The primary domestic tournaments, contested between Australian state teams, are the Sheffield Shield (first-class), Ford Ranger Cup (one-day) and KFC Big Bash (Twenty20): they are usually sparsely attended and so are much cheaper to attend than internationals.
1	75	0	87	Some one-day and Twenty20 matches are played at ANZ Stadium at Olympic Park rather than at the SCG, but the cavernous stadium is far inferior to the grand old ground if you really want to get a feel for cricket culture.
0	76	1	87	Cycle around Centennial Park in the Eastern Suburbs or Bicentennial Park at Sydney Olympic Park.
0	76	0	88	Or mountain bike on the challenging hills around the parks, forests and waterways surrounding Sydney and through some spectacular countryside.
0	76	0	88	Sydney has many skate parks and bowls in its suburbs, and one of the most popular is the one next to Bondi Beach.
0	76	0	88	Sydney also has three indoor ice skating centres, and the closest to the CBD is Macquarie Ice Rink in the Macquarie Park-Ryde area.
1	76	0	88	The two others are near Canterbury station and next to Norwest in the Hills District.
1	77	1	88	Sydney has three major commercial theatres which show the big international musical productions, the Capitol Theatre in Haymarket, the Theatre Royal under the MLC Centre in the CBD and the Lyric Theatre in The Star casino complex at Pyrmont Bay.
0	78	0	89	The Sydney Theatre Company (artistically directed until 2013 by Cate Blanchett and now by her husband Andrew Upton) is the biggest professional theatre company in the city.
0	78	0	89	It produces a large annual program using The Sydney Theatre and the two Wharf Theatres in Walsh Bay in The Rocks and sometimes the Sydney Opera House Drama Theatre as well.
0	78	1	89	The Belvoir St Theatre in Surry Hills in City East has long been the smaller cousin to the Sydney Theatre Company, a place where young actors and directors cut their teeth in the associated Company B troupe before going on to bigger things.
1	78	0	90	It stages a number of plays every year and you can wander the foyer before the show and see how many Hollywood names you can pick out from the old production posters.
0	79	0	90	The Ensemble Theatre at Kirribilli in the Lower North Shore (just over the Harbour Bridge) is Sydney's oldest surviving professional company and also produces a full program of plays every year, often featuring Australia's locally famous thespians.
1	79	1	90	There are also a number of small drama theatres with companies in Sydney including the New Theatre in Newtown in the Inner West, the Griffin Theatre Company at the SBW Stables Theatre in Kings Cross in City East and the Darlinghurst Theatre in Potts Point in City East.
0	80	0	91	The Seymour Centre (part of Sydney University just off Broadway on City Road) is a complex of several medium sized theatres hired by many independent and touring productions through the year.
0	80	0	91	It is also the home of the University Revues, usually around August to September, a series of comedy sketch and musical shows put on by the students of each faculty in the University.
1	80	0	91	Sometimes a place to spot future talent, famous past writers and performers in the reviews have included Clive James and Germaine Greer.
0	81	1	91	Amateur theatre, especially musical theatre, proliferates in Sydney, with over 30 amateur musical theatre companies providing a fun night of theatre for around $20 per ticket out in the suburbs.
0	81	0	92	Check the Riverside Theatre in Parramatta, the Zenith Theatre in Chatswood on the Lower North Shore, the Sutherland Entertainment Centre in Sutherland and the Glen Street Theatre in Belrose in the Northern Beaches.
1	81	0	92	Most of these theatres also feature occasional travelling professional productions.
0	82	1	92	For classical music fans, the Sydney Symphony Orchestra produces a large annual season and plays primarily at the Sydney Opera House Concert Hall but sometimes also at the Angel Place Recital Hall.
1	82	0	93	The Australian Chamber Orchestra also produces a large annual program, mostly at the Angel Place Recital Hall but sometimes also at the Sydney Opera House.
0	83	0	93	The Sydney Conservatorium of Music in Macquarie Street often hosts performances on a smaller scale in the Verbruggen Hall within the conservatorium.
0	83	1	93	If you're in Sydney in the summer month of January look out for the major outdoor concerts held by both the Sydney Symphony Orchestra and Opera Australia in The Domain as part of the annual Sydney Festival.
0	83	0	94	These free concerts are often attended by over 60,000 people.
0	83	0	94	Opera Australia, the national Opera company based in Sydney, performs an annual season at the Sydney Opera House in the City Centre.
0	83	0	94	The Australian Ballet is the Australian national ballet company.
0	83	0	94	Although based in Melbourne it splits its annual season between that city and the Sydney Opera House.
0	83	1	94	The Basement nightclub near Circular Quay is Sydney's oldest and most pre-eminent jazz venue.
0	83	0	95	It features other styles of music as well but has a reputation as the place all the big jazz acts perform when they're in town.
0	83	1	95	The Sydney Improvised Music Association (SIMA) features regular jazz in The Sound Lounge venue within the Seymour Centre (part of Sydney University just off Broadway on City Road).
0	83	0	96	Venue 505 in Surry Hills features live jazz 6 nights a week and Foundry616 in Ultimo is another dedicated venue.
0	83	0	96	Many of the small bars across the inner Sydney feature small jazz performances on any given night.
0	83	0	96	The major guide for performing arts in Sydney is the Spectrum liftout, which you'll find in the Sydney Morning Herald's voluminous Saturday edition.
1	83	0	96	It contains reviews and features on all things cultural as well as comprehensive listings towards the back.
1	84	1	96	Sydney Music provides an online gig-guide which is updated weekly and provides comprehensive listings of shows at smaller venues around the city.
0	85	0	97	Sydney has mainstream movies showing on multi-screen cinema complexes all around Sydney, including the City Centre and Moore Park.
0	85	0	97	The two main operators are Event Cinemas and Hoyts.
0	85	0	97	For arthouse, or more obscure movies, try the Chauvel, Verona and Academy Twin cinemas on Oxford Street in the City East, or the Dendy near the Opera House in the City Centre or in Newtown, or Cinema Paris at the Entertainment Quarter at Fox Studios at Moore Park in the City East.
0	85	0	97	Many of the larger cinema complexes offer premium seating and services for a premium price.
0	85	1	97	For a different experience, look out for open-air cinemas in the Royal Botanical Gardens or Centennial Park.
1	85	0	98	There is one drive-in movie left open in Sydney, at Blacktown in the Outer West.
0	86	0	98	The IMAX Theatre, which provides a movie experience with the largest cinema screens in the southern hemisphere in Darling Harbour.
0	86	1	98	As one of the biggest and most famous gay capitals of the world, Sydney is the place to catch a drag show.
0	86	0	99	If you’ve never experienced the glitz and glitter of professional drag acts, then you really shouldn’t leave town without heading to one of the top drag clubs in the city.
0	86	1	99	In Darlinghurst, drag queens like Polly’s Follies in the Stonewall Hotel or the spectacular Disgraceland in Nevermind are some of the best acts in town and you’ll marvel at the costume changes and the sheer amount of make up.
0	86	0	100	However, make up aside, the transformation from men into women is incredible and these ladies sure know how to entertain.
0	86	0	100	Drag shows are popular with hen nights and birthday parties, but really they’re great fun for anyone who wants a night of pure unadulterated entertainment.
0	86	0	100	Some drag acts are part of cabaret clubs, so there's a wide variety of acts throughout the evening.
1	86	0	100	Other clubs are solely dedicated to drag performances and it’s a whirlwind of costume changes, make-up and incredible dance moves.
0	87	1	100	Sydney is home to a number of major and minor festivals and calendar events each year.
1	87	0	101	Listed chronologically these are:
0	88	1	101	You can take language classes, join a cafe book group, learn to draw, sign up for historical or foodie walks, or take computer or business classes at City of Sydney Library, where you can sign up to borrow books or just read magazines in their café as well.
0	88	0	102	Unsurprisingly as Australia's second-largest city, Sydney is home to many universities.
0	88	0	102	"Two of these universities, the University of Sydney and the University of New South Wales are part of the prestigious ""Group of Eight""."
0	88	0	102	There are opportunities for international students to enroll in these universities, either in their degree programs or through exchange agreements with foreign universities.
0	88	1	102	These provide foreigners with an excellent opportunity of live in Sydney for an extended period.
0	88	0	103	See the Sydney District Pages for things to buy in the CBD, and other Sydney districts.
0	88	0	103	Most stores will accept VISA/Mastercard credit cards, and only a few take only cash.
1	88	0	103	American Express is generally accepted only at larger stores.
0	89	0	103	As with the rest of Australia, currency exchange offices operate in a free market, and the small convenient exchange booth you pass on George Street, by the Opera House or at the airport can charge 15% or more over the best rate you can obtain elsewhere.
0	89	0	103	As always, check rates and commission carefully.
0	89	0	103	Know today's rate and be prepared to walk away if the amount of money they calculate isn't what you would expect.
1	89	1	103	Banks typically offer much better rates, but are only open business hours on weekdays.
0	90	0	104	You may find it better to pay by credit card and use ATM withdrawals and have the certainty of getting the rate and fees provided by your bank.
0	90	0	104	Main department stores and specialty stores open around 8 or 9AM and close around 6 or 7PM, staying open until 9PM on Thursday.
0	90	0	104	On Sunday expect them to open around 10AM in the suburbs, and around 11AM in the CBD, and to close at 5PM.
0	90	1	104	There are a few locations where you will find shops opening a little later, such as Darling Harbour which is open until 9PM every weeknight.
0	90	0	105	Large supermarkets will be open from 6AM until midnight.
0	90	0	105	Many convenience stores, fast-food restaurants and petrol stations within the Sydney metro area are open 24 hours a day.
0	90	0	105	Banks will usually only open weekdays, with only an occasional branch opening Saturday morning.
1	90	1	105	Travel agents (not including booking agents in tourist areas) close on Sundays.
0	91	0	106	"Those quintessential Aussie souvenirs - stuffed koalas and kangaroos, various ""Australiana"" knick-knacks - can be found in any souvenir store around the city, as well as in airport shops."
0	91	0	106	Authentic Aboriginal/indigenous arts and crafts, such as traditional paintings, hand-made didgeridoos, are expensive, and the range in Sydney is much smaller than in Alice Springs.
0	91	0	106	For those who only wish to take home a replica, as a memento of their trip to Australia, head to Paddy's Markets in the Haymarket area of the southern end of the city.
0	91	0	106	The markets also sell a huge range of souvenirs at much better prices than regular souvenir stores.
0	91	1	106	"Dollar shops (see ""Food and Essentials"" below) also sell souvenirs at bargain-basement prices, albeit at a much reduced quality."
0	91	0	107	Australia's unique style and creativity means Sydney is developing on the international fashion circuit, as designs from Australians such as Wayne Cooper, Collette Dinnigan, Akira Isogawa, Lisa Ho, Oroton and Easton Pearson are seen around the globe.
0	91	0	107	In fact, around 60 Australian labels are export their designs to boutiques and department stores in Asia, Europe and the United States.
0	91	0	107	The greatest concentration of clothing and accessories stores are to be found in the northern half of the CBD, starting from the Town Hall precinct, neat the Queen Victoria Building.
0	91	0	107	Prices are inflated in convenience stores and in tourist areas, and it is worth seeking out the supermarkets - even in the CBD.
0	91	0	107	The main Supermarket Chains in Sydney are Woolworths, Coles.
0	91	1	107	Aldi is a cheaper alternative, but confined to the suburbs.
0	91	0	108	Postcards are least expensive at post offices (75c) or discount stores.
0	91	0	108	Convenience and souvenir stores may sell a wider range of (more expensive) postcards, but generally they do not sell stamps.
1	91	0	108	An overseas stamp for a postcard costs $2.60 [1].
0	92	0	108	Prices in Sydney's restaurants vary.
0	92	0	108	Breakfast at a standard cafe (food plus a coffee or juice) can cost anywhere up to $20 for a full English breakfast or other substantial meal.
0	92	0	108	A main meal in a mid-range restaurant is around $25 - $35.
0	92	0	108	Upper mid-range averages around $35 - $45.
1	92	1	108	At the real top-end places a dinner for two with wine can run up to $400-500 and beyond.
0	93	0	109	For the more budget-conscious, Sydney's multicultural demography means plenty of quality ethnic cuisine for cheap eats, particularly Asian restaurants in Chinatown where rock bottom priced food (but no less tasty) can be found.
0	93	0	109	Plonk down at a laminate table shoulder to shoulder with hungry locals for some bubble tea and a sizzling plate of delicious Asian food.
0	93	0	109	"Many restaurants in the city will also offer ""lunch specials""."
0	93	0	109	"For example, a good Korean ""set lunch"" can be found for less than $15."
0	93	0	109	A bowl of noodles in Chinatown will run you $8 or $9.
0	93	1	109	Some Thai curry with rice at any of the many restaurants all over Sydney will cost about $10.
0	93	0	110	Newtown in Sydney's inner-west (approx 4km from the CBD) is renowned for its inexpensive cafes and restaurants on King St, in particular Thai food.
1	93	1	110	It is highly popular among students from the nearby University of Sydney.
0	94	0	111	Sydney is also home to some of the world's best restaurants and their chefs.
0	94	0	111	But if you want to try Sydney's finest rated restaurants during your visit, a booking must usually be made well in advance.
0	94	0	111	There's Tetsuya’s and Est in the City Centre, Marque in the City East and Flying Fish Restaurant & Bar in Pyrmont.
1	94	0	111	Another famous Sydney celebrity chef is Neil Perry, who runs Rockpool at The Rocks, as well as the Rockpool Bar and Grill in the city, not far from Circular Quay, with Spice Temple downstairs.
0	95	0	111	If you want to splurge on the location, try Quay in The Rocks or Matt Moran's Aria, both of which have harbour and bridge views.
0	95	1	111	For fine dining away from central Sydney, try Jonah's in the far Northern Beaches - go for lunch, the view is stunning.
0	95	0	112	Takeaway (takeout) food in Sydney can be as cheap as buying the ingredients and making it yourself, and many stores specialise in take-away food.
0	95	0	112	There will usually be a picnic table, park or beach nearby to eat whatever you can select.
0	95	1	112	Quintessential Aussie takeaways include the meat pie (minced beef with gravy sauce in a crusty pastry shell), sausage roll (sausage mince in a puff pastry casing), usually topped generously with tomato sauce/ketchup, and fish and chips (inherited from the British to be sure but loved by all Australians).
0	95	0	113	Most restaurants will do take-away food as well, but almost certainly at a premium to the cost of buying food from a take-away.
0	95	0	113	Outside of the city an occasional restaurant may offer a 10% discount for take-away.
1	95	1	113	There are a few online services like Menulog that allow users to order food online from the variety of restaurants and take away in a particular area.
0	96	0	114	Just about every suburb in Sydney has a restaurant or two, a cafe or coffee shop, and a place that sells takeaway food.
1	96	0	114	However, there are a number of places in Sydney where you can window shop through many restaurants and make your choice.
0	97	0	114	All of Darling Harbour is like this, there are restaurants of every variety all along the waterfront.
0	97	0	114	East Circular Quay in the City Centre is similar, along with the International Passenger Terminal on the west of Circular Quay - however many of the restaurants in this area are expensive and loved more for the view than the quality of the food.
1	97	1	114	There are (pricey) exceptions, such as Cafe Sydney, Aria and Sailors Thai.
0	98	0	115	In the east of the city, Victoria Street in Darlinghurst and Crown Street in Surry Hills (between Oxford and Cleveland Streets) has a large range of funky cafes, small bars, pubs, patisseries and restaurants.
0	98	0	115	Darlinghurst and Surry Hills has it all, from cheap Asian take-aways to high end restaurants.
0	98	0	115	Many trendy restaurants in this area don't take bookings; often you wait at the bar for a table.
0	98	0	115	These suburbs are popular with hipsters, yuppies and the gay community.
0	98	0	115	Just east of the city is Woolloomooloo Wharf which boasts a fantastic view across the harbour and several upscale restaurants, including excellent steak, Chinese, Italian and seafood restaurants.
0	98	1	115	Perfect for lunch on a sunny day.
0	98	0	116	King Street, Newtown, centred on the railway station, has a constantly changing selection of good value restaurants, pubs, cafes and bars.
0	98	0	116	You can find many various types of cuisine here; mainly cheap Thai, but also Vietnamese, Italian, Turkish, Japanese and modern Australian.
0	98	0	116	This area isn't touristy, but popular with students from the nearby Sydney University.
0	98	0	116	The area has its own alternative style, which makes for great people watching.
0	98	0	116	On the Lower North Shore, Willoughby Road at Crows Nest has consistently good Indian, Japanese, Thai, steak, and a handful of small bars.
0	98	0	116	Military Road through Cremorne and Neutral Bay have a smattering of decent restaurants, mostly Japanese.
1	98	1	116	Kirribilli has a few nice cafes and restaurants, and a short after dinner stroll will take you by some of the best views of the Sydney Harbour Bridge.
0	99	0	117	In Macquarie Park, Rowe Street in Eastwood has built a reputation for some of the best East Asian food in Sydney.
0	99	0	117	With everything from cheap eat Chinese noodle stands, smokey Korean BBQ houses and posh Japanese restaurants, Eastwood has something for every taste and budget.
1	99	1	117	On Saturday nights there is a night market in the plaza with a number of stalls selling street food style snacks and treats.
0	100	0	118	Parramatta, to the west, has an eating strip, many with alfresco options.
0	100	0	118	Harris Park nearby is Sydney's Little India with a good number of very affordable, authentic Indian restaurants.
1	100	1	118	"In the North West district, Castle Hill has many restaurants on Terminus St as well as at ""The Piazza"" which is adjacent to Castle Towers shopping centre and features a pleasant, lively atmosphere with a fountain in the centre of the ring of restaurants."
0	101	0	119	"Thanks to Sydney's (or rather, Australia's) multicultural mix, ""modern Australian"" is usually characterised by a fusion of cuisines."
0	101	0	119	Think entrees spiced with a Thai-inspired chilli dressing, mains with a hint of a Chinese-style ginger-based marinade or sunny Tuscan flavours- all in the same menu.
0	101	0	119	Many of Australia's celebrity chefs are of ethnic backgrounds, and many have trained overseas, bringing with them a world of experience back home.
0	101	0	119	"Alternatively, many CBD pubs offer $6 to $10 steak ""meal deals"", provided that you also order a particular alcoholic drink at the same time."
0	101	0	119	You can also go to Phillip's Foote at The Rocks to cook your own steak on a BBQ.
0	101	0	119	"For those who are after authentic multicultural culinary experiences, there are unique ""food districts"" scattered around the greater city."
0	101	0	119	The range of food available is huge and isn't necessarily expensive.
0	101	0	119	It is usually possible to find a restaurant of any nationality, specialising in almost any cuisine.
0	101	1	119	Many of the areas mentioned above also sell produce related to the original nationality of the locals.
0	101	0	120	It always seems like there's a food festival occurring every weekend in one of the suburbs of Sydney.
0	101	0	120	Usually the idea is that restaurants take part, providing smaller portions of their signature dishes around $7-$12 a plate.
0	101	0	120	Some also focus on ethnic cuisine — a great opportunity to sample unfamiliar food.
0	101	0	120	Look out for the Sydney International Food Festival, a major festival which showcases Sydney's food culture.
1	101	1	120	It's held in October, and includes the night noodle markets operating in Hyde Park in the City Centre.
0	102	0	121	Vegetarians are well catered for.
0	102	0	121	Every restaurant will usually have at least one vegetarian dish.
0	102	0	121	Indian restaurants can be relied upon to provide a wider selection.
0	102	0	121	The trendy East Sydney and Inner West suburbs have many choices, Cabramatta in the western suburbs have many Asian Buddhist cuisine restaurants that are vegan and vegetarian.
0	102	1	121	There is an awareness of gluten-free and dairy-free diets in Sydney, and again the more trendier inner city suburbs are more likely to cater for these diets.
0	102	0	122	Cafés serving breakfast start opening at 6AM and breakfast is usually served until 11AM, or occasionally all day.
0	102	0	122	Orders for lunch start at about noon and continue until about 3PM.
0	102	0	122	Many cafes will start closing late afternoon, although a few may remain open for dinner.
0	102	0	122	Restaurants usually open for dinner around 5PM-6PM and while there are exceptions (usually concentrated in areas with active nightlife), last orders for dinner are typically taken around 10PM.
0	102	0	122	Restaurants in business areas open for lunch as well.
1	102	1	122	It is common for restaurants in suburban locations to sometimes be closed on Sunday, Monday or Tuesday nights.
0	103	0	123	It is more expensive to get a sit down meal in the evening, than it is for lunch.
0	103	0	123	Australians are casual.
0	103	0	123	While most people make an effort to dress up for fancier restaurants, there is no requirement and both restaurants and diners alike are relaxed about dress standards.
0	103	0	123	There are no restaurants in Sydney that require jackets for men for instance (not true there are a few exclusive restaurants and clubs that do require jackets), and jeans (nice - no holes) are common in even the most expensive and posh Sydney restaurants.
1	103	1	123	Wear whatever you feel comfortable in.
0	104	0	124	Sydney has an enormous number of places to drink and party.
0	104	0	124	There is a burgeoning scene for quirky and unique small bars, and the city's cultural life has enjoyed a refreshing growth in night-time choices.
0	104	0	124	There's a litany of clubs and venues for entertainment, and as with most Australian cities, Sydney has a strong live music scene.
0	104	0	124	The majority of pubs and smaller clubs close before 3AM and some as early as midnight, particularly if there are nearby residents.
0	104	1	124	A limited number of venues have 24-hour licenses.
0	104	0	125	You cannot enter any venue in the Sydney CBD (that is, East to Woolloomooloo and Kings' Cross, West to Darling Harbour, North to the bridge or South to Central Station) after 1:30AM, and last drinks will be called at 3AM.
0	104	1	125	However, there are lots of bars outside the lockout zone.
0	104	0	126	Busy venues will have door staff checking photo identification to determine that you are over 18.
0	104	0	126	Admission is also commonly refused to those who seem visibly drunk.
0	104	0	126	More popular venues have discriminatory door practices, the most common of which is refusing entry to groups of men who are not accompanied by women.
0	104	0	126	Some pubs and most clubs will admit children accompanied by adults as long as they don't approach the bar or enter an area where there is gambling, particularly earlier in the evening.
0	104	0	126	Check with staff at the venue.
0	104	1	126	Some pubs don't provide a nice environment for children some nights.
0	104	0	127	Many places have at least a basic dress code, enforced all hours in the city, and usually after 7PM in the suburbs.
0	104	0	127	For most generic pubs, men should wear closed toe shoes (not running sneakers), full-length pants, and a shirt with sleeves (not a singlet).
0	104	0	127	For clubs, men should don neat business-style shoes.
0	104	0	127	In almost all cases, women can dress more freely, but a small number of places require closed shoes or dressy sandals or high heels.
0	104	0	127	Many pubs are called hotels, but only very few can ever offer you a place to sleep.
1	104	1	127	Hotel pubs are usually found on a street corner with at least one ground-floor bar, and are usually a few floors high (though not all floors may be open to the public).
0	105	0	128	Entry charges for live music or DJs are usual and range from $5 to $30 depending on clientèle.
0	105	0	128	Entry charges are rare if you're going into a pub for a drink.
1	105	1	128	There is a taxi shift change at 3AM, and it is notoriously difficult to catch a taxi anywhere between 2:30AM and 3:30AM, but Ubers are out in force at this time of night.
0	106	0	129	Some types of nightlife are concentrated in particular areas:
0	106	0	129	There are many great nightclubs in Sydney, but they are very spread out so it would be a good idea to get an idea of where you want to go.
0	106	0	129	Check guides in Friday's newspapers, or the free guides available in music stores and youth clothing stores.
1	106	1	129	Sydney has hundreds of accommodation options in the central Sydney area to consider, from backpackers hotels to five star hotels with harbour and Opera House views.
0	107	0	130	However, there are options out of the CBD too.
1	107	0	130	If you are travelling on business, there may be business style accommodation near to where you are working, and there is usually no need to stay in the city.
0	108	0	130	There are options around the commercial areas at the airport in Southern Sydney, around Macquarie Park in the North West, and at Parramatta.
0	108	1	130	If you are travelling with a car, then finding a place to park, and getting into and out of the city can be a hassle.
0	108	0	131	The Hume Highway in Sydney's South West has the standard roadside motels where you can park by your room, with the service station or fast food outlet next door.
0	108	0	131	If you are into camping, the closest camping to the CBD is on the Cockatoo Island in the harbour.
0	108	0	131	You can pitch a tent in Lane Cove National Park, less than 10 km from the CBD, around 750m from the train station at North Ryde.
0	108	0	131	If you are into the beach, Manly and Bondi are the two obvious places to consider.
0	108	0	131	From Manly 25 minutes on the ferry has you right in the centre of Sydney.
0	108	1	131	Some of the lesser known suburbs have accommodation options.
1	108	0	132	Cronulla has beachfront accommodation, facilities and is the only beachside suburb of Sydney with a train station (45 minutes from downtown).
0	109	0	132	Sydney has a wide range of backpackers' hostels - popular districts for these include the southern half of the CBD and Haymarket, Glebe and Kings Cross, the Eastern Suburbs (Bondi, Coogee) and the Northern Beaches (Manly).
0	109	1	132	You find many mid-range accommodation providers within the CBD (mostly in the southern Haymarket end), and within a short distance of the city by public transport, including in North Sydney, the Inner West and the North Shore.
0	109	0	133	Sometimes cheaper motel style accommodation can be obtained on the roads leading into Sydney, particularly in South Western Sydney
0	109	0	133	Luxurious hotels can be found all over Sydney.
1	109	0	133	The most expensive hotels are generally located in the CBD and the Rocks district, near the business hub of Sydney, close to many restaurants, often featuring spectacular harbour views.
0	110	0	133	Some other high quality hotels are in Darling Harbour.
0	110	1	133	You may check the list below for specific locations.
0	110	0	134	Please visit one of the various Sydney districts described in the Districts section above to see the accommodation listings.
1	110	0	134	Serviced, short-term apartments are widely available throughout Sydney and are available for stays as short as one night.
0	111	0	134	Amenities typically include kitchen, washer and dryer, and separate bedrooms.
0	111	0	134	A range of properties exist from budget to five-star.
0	111	1	134	Please visit one of the various Sydney districts described in the Districts section above to see the accommodation listings.
0	111	0	135	The Australia-wide emergency number is 000, with the ambulance service, fire department and police being available through this number.
0	111	0	135	Be on the lookout for the usual big city petty crime problems.
0	111	0	135	Lock your car, and keep valuables safe or hidden.
1	111	0	135	People begging may ask for money or cigarettes, but they are generally harmless.
0	112	0	135	They will often make up the usual stories about needing a train fare etc.
1	112	0	135	"Simply say ""Sorry mate"" and they will usually leave you alone."
0	113	1	135	Sydney has some of the violent crime issues that plague major cities.
0	113	0	136	However, in general, no special precautions are required visiting the typical tourist areas during the day.
0	113	0	136	Most assaults in Sydney take place in or near pubs and nightclubs at night, and involve alcohol.
0	113	0	136	Most involve young males as perpetrators and victims.
0	113	0	136	Most robberies occur in nearby quiet laneways, or parks close to pubs and nightclubs at night.
0	113	0	136	The most common perpetrators or robberies are drug addicts.
0	113	0	136	For this reason, take care around Kings Cross, The Rocks, Oxford St, and in George St between Town Hall and Central Station, especially late at night on Fridays and Saturday nights.
0	113	0	136	Avoid Redfern station late at night.
0	113	1	136	Even changing trains late at night is best done at Central rather than Redfern.
0	113	0	137	Women should take extra care at bars and keep an alert companion at hand, especially in the central hostel area, and take precautions against spiked drinks.
0	113	0	137	Some areas of south-western and western Sydney have a reputation, generally gained by news reports of motorcycle and other gang related violence.
0	113	0	137	However, if you want to venture out into these areas during the day, there is no exceptional risk.
0	113	0	137	If you're planning to head way off the tourist trail to some suburban pub or nightclub for a night out, seek some local advice.
1	113	0	137	It may be a nice pub, but it pays to be informed.
0	114	1	137	Areas around railway stations tend to be hang-outs for youth gangs in Western Sydney, particularly on Friday and Saturday nights.
0	114	0	138	Stay in company, and don't engage.
0	114	0	138	After 9PM, smaller outer suburban stations can be very quiet, and many are totally unstaffed after this time.
0	114	0	138	The trains can also be empty when they get towards the end of the line at this time.
0	114	0	138	Don't expect a taxi to be waiting at every station - only the major ones will have a well patronised taxi rank.
0	114	1	138	Drunk people are common on trains late at night, particularly on Friday and Saturday nights.
0	114	0	139	In the CBD, trains tend to be busy into the evening, and obnoxious behaviour is more common than any actual danger.
0	114	0	139	For your safety, travel in the carriage closest to the guard's compartment, which is marked with a blue light on the outside of the train.
0	114	0	139	If you ever feel concerned for your safety on any train, or even if you encounter anti-social activity, you can call 1800 657 926 to speak with security, who can sometimes arrange for a transit patrol to board the train and provide assistance.
0	114	0	139	You can also seek assistance from the guard.
0	114	0	139	In more modern trains, you can press the button in the entry area to contact the guard.
0	114	0	139	Every train station has an orange emergency help point monitored by CCTV that connects to security, usually towards the centre of the platform.
0	114	1	139	Nightride buses, which replace trains after midnight, can arrange for a taxi to meet you when you get off.
1	114	0	140	Ask the driver.
0	115	0	140	If you are going to the beach, take the same precautions as you do anywhere in Australia.
1	115	0	140	See Australia beach safety.
0	116	1	140	The main thing to remember when swimming at any beach is to swim between the yellow and red flags.
0	116	0	141	These flags are placed by the lifeguards and indicate the safest place to swim at the beach away from dangerous currents.
0	116	0	141	Sydney has no really dangerous jellyfish.
0	116	0	141	Bluebottles (Portuguese Man-Of-War) are blueish-purple stingers that hit the Sydney beaches a couple of days every summer, when the wind direction is right.
0	116	0	141	They have an air-bladder that floats on the water, and stinging tentacles.
0	116	0	141	Often the air-bladder can be no bigger than a coin.
0	116	0	141	You will see the evidence of them with their air-bags washed up on the beach if they are present.
0	116	0	141	They can give a painful sting - even when on the beach - but it won't keep everyone out of the water.
0	116	0	141	Apply a heat pack if you can, or ice, or salt water.
0	116	0	141	The best way to remove the pain is to run the affected area under the hottest water you can stand.
0	116	0	141	Vinegar is useless.
0	116	0	141	Sometimes small transparent jellyfish appear in the harbour and estuaries.
0	116	0	141	You can usually avoid any groups of them, but they are mostly harmless.
0	116	0	141	More rarely larger purple jellyfish are in the harbour and other estuaries.
0	116	1	141	If you see these in the estuaries, best to stay out of their way.
0	116	0	142	Probably more of an issue to water skiers than to swimmers.
0	116	0	142	Sydney ocean beaches all have shark mesh nets around 100 metres out to sea, and are regularly patrolled by air for sharks.
0	116	0	142	A shark alarm will sound if any are sighted, and you should get out of the water.
1	116	0	142	The risk of shark attack swimming on a patrolled beach between the flags is low.
0	117	1	142	Shark attacks are rare on Sydney beaches, but they have occurred.
1	117	0	143	Advice is to avoid swimming in murky water after storms, or at dusk or at dawn, and to swim in the netted enclosures within the harbour and other estuaries.
0	118	1	143	Tourist scams are relatively uncommon in Sydney as they are throughout Australia, but a common scam is for people posing as Buddhist monks to give you a piece of paper with religious symbols on it, and as soon as you have touched it, they will ask you for money which they claim is to help build their temple – this is particularly prevalent in the CBD.
0	118	0	144	However, many of them will back away if you verbally confront them, though
0	118	0	144	If you need an ambulance, call 000.
0	118	0	144	Medical centres with general practitioners are available for minor ailments without an appointment around the city and suburbs.
0	118	0	144	Expect to wait around an hour or so to see a doctor.
0	118	0	144	Upfront charges are usually around $75 for a standard 15-minute consultation, and most centres accept credit cards.
0	118	1	144	Many medical centres remain open until 10PM or so, and a few remain open 24 hours.
0	118	0	145	"Those with an Australian Medicare card will find many medical centres in Sydney that ""bulk-bill""."
0	118	0	145	Most hospitals in Sydney have emergency departments, but check before attending as some do not.
0	118	0	145	Those emergency departments are open 24 hours.
1	118	0	145	See the Australia article for more details on health charges.
0	119	1	145	Many pharmacies stay open after normal business hours, often in proximity to medical centres, and there are a few that stay open 24 hours.
0	119	0	146	You can call ☏ +61 2 9467 7100 to find the location of your closest after hours pharmacy.
0	119	0	146	Relatively speaking, Sydney has low levels of pollution compared to other major world cities.
0	119	0	146	There are however regular burn-offs of vegetation around Sydney and its surrounds during cooler and dry periods in order to reduce the risk of bush fires through summer, and these can lead to heavy smog over the greater Sydney area.
0	119	1	146	Asthmatics and others with respiratory problems should take care not to spend too much time outside during these days.
0	119	0	147	Wearing a P2 or N95 mask is a must during days of high pollution levels.
0	119	0	147	Sydney sometimes experiences high levels of smoke due bushfires, the most recent being December 2019.
0	119	0	147	It was enough to warrant (temporary) inclusion in the world's top 10 polluted cities and the smoke was severe enough to prevent most outdoor activities.
0	119	0	147	Although widespread bushfires are not a regular occurrence, scientists point to more happening in future due to global heating.
0	119	0	147	See the Sydney district guides for local information, or the Australia guide for broader options.
0	119	0	147	All embassies are in the nation's capital of Canberra, however consulates in Sydney generally have most of the facilities that a traveller could need:
0	119	0	147	There are a number of good one or two day trips from Sydney:
0	119	0	147	Or if you are moving on:
